,LAT,LON,BAT_TTIME,CORR_DEPTH,MAG_TOT,MAG_RES,FREEAIR
1997-06-16 01:59:00-12:00,16.35136,-46.62141,4.413,3312.0,34635.0,30.0,23.5
1997-06-16 02:10:00-12:00,16.34284,-46.62171,4.366,3276.0,34657.0,57.0,22.1
1997-06-16 02:11:00-12:00,16.34203,-46.62167,4.386,3292.0,34661.0,61.0,22.1
1997-06-16 02:12:00-12:00,16.34119,-46.62166,4.362,3274.0,34664.0,65.0,21.8
1997-06-16 02:13:00-12:00,16.34032,-46.62165,4.356,3269.0,34668.0,68.0,21.6
1997-06-16 02:14:00-12:00,16.33942,-46.62164,4.414,3312.0,34672.0,73.0,21.8
1997-06-16 02:15:00-12:00,16.33855,-46.62162,4.45,3340.0,34675.0,77.0,21.6
1997-06-16 02:16:00-12:00,16.33757,-46.62159,4.452,3341.0,34680.0,82.0,21.3
1997-06-16 02:20:00-12:00,16.33291,-46.62132,4.384,3290.0,34698.0,102.0,23.2
1997-06-16 02:21:00-12:00,16.33163,-46.62132,4.326,3245.0,34702.0,107.0,22.7
1997-06-16 02:22:00-12:00,16.33037,-46.62127,4.336,3254.0,34706.0,112.0,22.1
1997-06-16 02:23:00-12:00,16.32911,-46.62127,4.344,3260.0,34709.0,116.0,21.9
1997-06-16 02:24:00-12:00,16.32788,-46.62122,4.37,3280.0,34712.0,119.0,21.7
1997-06-16 02:25:00-12:00,16.32665,-46.62119,4.389,3294.0,34716.0,124.0,21.2
1997-06-16 02:26:00-12:00,16.32538,-46.62126,4.43,3324.0,34718.0,127.0,21.2
1997-06-16 02:27:00-12:00,16.32409,-46.62135,4.452,3341.0,34720.0,130.0,21.2
1997-06-16 02:28:00-12:00,16.32285,-46.62137,4.424,3320.0,34722.0,132.0,20.9
1997-06-16 02:29:00-12:00,16.32165,-46.62141,4.391,3295.0,34723.0,134.0,20.9
1997-06-16 02:30:00-12:00,16.34838,-46.62167,4.474,3359.0,34640.0,37.0,21.4
1997-06-16 02:31:00-12:00,16.31921,-46.62137,4.412,3311.0,34726.0,137.0,21.8
1997-06-16 02:32:00-12:00,16.31797,-46.62143,4.507,3383.0,34726.0,138.0,22.6
1997-06-16 02:33:00-12:00,16.31673,-46.62156,4.546,3413.0,34726.0,139.0,23.0
1997-06-16 02:34:00-12:00,16.3155,-46.62174,4.554,3419.0,34725.0,139.0,22.4
1997-06-16 02:35:00-12:00,16.31423,-46.62186,4.562,3425.0,34724.0,138.0,21.4
1997-06-16 02:36:00-12:00,16.31302,-46.62198,4.571,3431.0,34722.0,137.0,20.5
1997-06-16 02:37:00-12:00,16.31178,-46.62205,4.602,3456.0,34720.0,136.0,20.3
1997-06-16 02:38:00-12:00,16.31055,-46.62209,4.613,3464.0,34718.0,134.0,20.6
1997-06-16 02:39:00-12:00,16.30932,-46.62206,4.632,3478.0,34716.0,133.0,20.8
1997-06-16 02:40:00-12:00,16.30806,-46.62202,4.617,3467.0,34714.0,131.0,20.9
1997-06-16 02:41:00-12:00,16.30686,-46.62195,4.614,3464.0,34710.0,128.0,21.3
1997-06-16 02:42:00-12:00,16.30566,-46.62191,4.632,3478.0,34706.0,125.0,21.3
1997-06-16 02:43:00-12:00,16.30453,-46.6218,4.634,3480.0,34703.0,123.0,20.3
1997-06-16 02:44:00-12:00,16.30337,-46.62173,4.658,3498.0,34699.0,119.0,20.4
1997-06-16 02:45:00-12:00,16.30218,-46.62173,4.66,3499.0,34696.0,116.0,21.1
1997-06-16 02:46:00-12:00,16.30102,-46.62176,4.653,3494.0,34691.0,112.0,20.9
1997-06-16 02:47:00-12:00,16.29985,-46.62182,4.658,3498.0,34686.0,108.0,20.8
1997-06-16 02:48:00-12:00,16.29868,-46.62194,4.68,3514.0,34681.0,104.0,20.8
1997-06-16 02:49:00-12:00,16.29752,-46.62199,4.712,3538.0,34676.0,98.0,19.8
1997-06-16 02:50:00-12:00,16.29635,-46.62203,4.706,3534.0,34670.0,94.0,19.7
1997-06-16 02:51:00-12:00,16.29524,-46.62207,4.65,3492.0,34665.0,89.0,19.4
1997-06-16 02:52:00-12:00,16.2941,-46.62209,4.728,3550.0,34658.0,83.0,19.5
1997-06-16 02:53:00-12:00,16.29297,-46.62212,4.742,3561.0,34653.0,78.0,19.9
1997-06-16 02:54:00-12:00,16.29183,-46.62212,4.716,3541.0,34647.0,73.0,19.1
1997-06-16 02:55:00-12:00,16.2907,-46.62207,4.664,3502.0,34640.0,67.0,19.0
1997-06-16 02:56:00-12:00,16.28953,-46.62208,4.684,3517.0,34635.0,63.0,19.5
1997-06-16 02:57:00-12:00,16.28843,-46.62202,4.696,3526.0,34629.0,57.0,19.2
1997-06-16 02:58:00-12:00,16.2873,-46.62193,4.78,3590.0,34622.0,50.0,19.2
1997-06-16 02:59:00-12:00,16.2862,-46.62184,4.804,3608.0,34617.0,46.0,19.5
1997-06-16 03:10:00-12:00,16.27342,-46.6222,4.804,3608.0,34542.0,-22.0,17.5
1997-06-16 03:11:00-12:00,16.27225,-46.62228,4.881,3667.0,34536.0,-28.0,16.8
1997-06-16 03:12:00-12:00,16.27108,-46.62236,4.9,3681.0,34530.0,-33.0,17.2
1997-06-16 03:13:00-12:00,16.26995,-46.62239,4.888,3672.0,34525.0,-38.0,16.8
1997-06-16 03:14:00-12:00,16.26879,-46.62231,4.867,3656.0,34520.0,-42.0,16.4
1997-06-16 03:15:00-12:00,16.26761,-46.62226,4.87,3658.0,34516.0,-45.0,16.6
1997-06-16 03:16:00-12:00,16.26642,-46.62225,4.89,3674.0,34512.0,-48.0,16.9
1997-06-16 03:17:00-12:00,16.26523,-46.62222,4.854,3645.0,34508.0,-52.0,16.1
1997-06-16 03:18:00-12:00,16.26404,-46.62216,4.804,3608.0,34505.0,-55.0,16.2
1997-06-16 03:19:00-12:00,16.26286,-46.6221,4.792,3599.0,34502.0,-57.0,16.4
1997-06-16 03:20:00-12:00,16.26167,-46.62206,4.772,3584.0,34498.0,-60.0,16.3
1997-06-16 03:21:00-12:00,16.26049,-46.62198,4.762,3577.0,34495.0,-63.0,16.8
1997-06-16 03:22:00-12:00,16.25934,-46.62191,4.73,3552.0,34492.0,-65.0,17.3
1997-06-16 03:23:00-12:00,16.25821,-46.62187,4.676,3511.0,34489.0,-68.0,17.6
1997-06-16 03:24:00-12:00,16.25707,-46.62182,4.678,3512.0,34487.0,-69.0,17.6
1997-06-16 03:25:00-12:00,16.25588,-46.62182,4.665,3503.0,34485.0,-70.0,17.4
1997-06-16 03:26:00-12:00,16.25474,-46.62179,4.704,3532.0,34483.0,-72.0,17.0
1997-06-16 03:27:00-12:00,16.25356,-46.62174,4.727,3549.0,34481.0,-73.0,16.6
1997-06-16 03:28:00-12:00,16.25238,-46.62171,4.682,3516.0,34480.0,-73.0,16.4
1997-06-16 03:29:00-12:00,16.25123,-46.62168,4.67,3506.0,34479.0,-74.0,17.6
1997-06-16 03:30:00-12:00,16.28166,-46.62181,4.916,3693.0,34591.0,22.0,18.5
1997-06-16 03:31:00-12:00,16.24892,-46.62176,4.561,3424.0,34477.0,-75.0,17.0
1997-06-16 03:32:00-12:00,16.24774,-46.62185,4.578,3437.0,34476.0,-75.0,16.7
1997-06-16 03:33:00-12:00,16.24653,-46.62187,4.652,3493.0,34476.0,-74.0,16.1
1997-06-16 03:34:00-12:00,16.24538,-46.62187,4.685,3518.0,34476.0,-73.0,16.3
1997-06-16 03:35:00-12:00,16.24423,-46.62191,4.69,3522.0,34476.0,-73.0,16.5
1997-06-16 03:36:00-12:00,16.2431,-46.62193,4.72,3544.0,34477.0,-72.0,16.9
1997-06-16 03:37:00-12:00,16.24195,-46.62198,4.709,3536.0,34477.0,-71.0,17.3
1997-06-16 03:38:00-12:00,16.24077,-46.62205,4.705,3533.0,34478.0,-70.0,17.1
1997-06-16 03:39:00-12:00,16.23962,-46.62214,4.713,3539.0,34478.0,-68.0,16.7
1997-06-16 03:40:00-12:00,16.23846,-46.62222,4.697,3527.0,34479.0,-67.0,17.4
1997-06-16 03:41:00-12:00,16.23731,-46.62234,4.666,3504.0,34479.0,-66.0,17.0
1997-06-16 03:42:00-12:00,16.23616,-46.62241,4.649,3491.0,34480.0,-65.0,16.6
1997-06-16 03:43:00-12:00,16.23501,-46.62246,4.641,3485.0,34480.0,-64.0,15.6
1997-06-16 03:44:00-12:00,16.2339,-46.62247,4.645,3488.0,34481.0,-63.0,15.7
1997-06-16 03:45:00-12:00,16.23278,-46.62247,4.617,3467.0,34482.0,-61.0,15.5
1997-06-16 03:46:00-12:00,16.23169,-46.62247,4.61,3462.0,34483.0,-60.0,15.8
1997-06-16 03:47:00-12:00,16.23061,-46.62253,4.621,3470.0,34483.0,-59.0,16.7
1997-06-16 03:48:00-12:00,16.22949,-46.62253,4.586,3443.0,34484.0,-58.0,16.7
1997-06-16 03:49:00-12:00,16.22843,-46.62255,4.553,3418.0,34484.0,-57.0,16.6
1997-06-16 03:50:00-12:00,16.27939,-46.62184,4.894,3676.0,34576.0,9.0,18.4
1997-06-16 03:51:00-12:00,16.22623,-46.62245,4.604,3457.0,34485.0,-55.0,16.1
1997-06-16 03:52:00-12:00,16.22512,-46.62238,4.634,3480.0,34485.0,-54.0,16.4
1997-06-16 03:53:00-12:00,16.22404,-46.62234,4.677,3512.0,34485.0,-53.0,16.0
1997-06-16 03:54:00-12:00,16.22295,-46.62238,4.761,3576.0,34486.0,-52.0,16.3
1997-06-16 03:55:00-12:00,16.22186,-46.62242,4.749,3567.0,34486.0,-51.0,16.0
1997-06-16 03:56:00-12:00,16.22074,-46.62245,4.692,3523.0,34486.0,-51.0,15.7
1997-06-16 03:57:00-12:00,16.21966,-46.62243,4.556,3420.0,34488.0,-49.0,15.1
1997-06-16 03:58:00-12:00,16.21857,-46.62236,4.513,3388.0,34488.0,-47.0,15.7
1997-06-16 03:59:00-12:00,16.21749,-46.62228,4.5,3378.0,34490.0,-46.0,16.1
1997-06-16 04:10:00-12:00,16.20442,-46.62231,4.566,3427.0,34516.0,-12.0,18.5
1997-06-16 04:11:00-12:00,16.20321,-46.62246,4.566,3427.0,34520.0,-8.0,18.5
1997-06-16 04:12:00-12:00,16.20196,-46.62256,4.569,3430.0,34523.0,-4.0,18.6
1997-06-16 04:13:00-12:00,16.20075,-46.6227,4.574,3433.0,34526.0,0.0,18.1
1997-06-16 04:14:00-12:00,16.19956,-46.62275,4.569,3430.0,34531.0,5.0,17.4
1997-06-16 04:15:00-12:00,16.19835,-46.62271,4.586,3443.0,34534.0,8.0,16.8
1997-06-16 04:16:00-12:00,16.19716,-46.62262,4.59,3445.0,34538.0,14.0,17.1
1997-06-16 04:17:00-12:00,16.19598,-46.6226,4.567,3428.0,34543.0,19.0,18.6
1997-06-16 04:18:00-12:00,16.19481,-46.62267,4.498,3377.0,34547.0,23.0,18.7
1997-06-16 04:19:00-12:00,16.19365,-46.62271,4.492,3372.0,34551.0,28.0,18.4
1997-06-16 04:20:00-12:00,16.19246,-46.62278,4.472,3357.0,34555.0,33.0,17.9
1997-06-16 04:21:00-12:00,16.19128,-46.62284,4.484,3366.0,34561.0,39.0,18.3
1997-06-16 04:22:00-12:00,16.19009,-46.62287,4.51,3385.0,34564.0,43.0,18.3
1997-06-16 04:23:00-12:00,16.18887,-46.62288,4.483,3365.0,34570.0,49.0,18.1
1997-06-16 04:24:00-12:00,16.18768,-46.62293,4.449,3339.0,34575.0,55.0,18.1
1997-06-16 04:25:00-12:00,16.1865,-46.62296,4.491,3371.0,34580.0,61.0,18.0
1997-06-16 04:26:00-12:00,16.18533,-46.62304,4.472,3357.0,34585.0,66.0,18.1
1997-06-16 04:27:00-12:00,16.18417,-46.62315,4.438,3330.0,34590.0,72.0,18.4
1997-06-16 04:28:00-12:00,16.18299,-46.62321,4.428,3323.0,34595.0,78.0,18.2
1997-06-16 04:29:00-12:00,16.1818,-46.6233,4.374,3282.0,34600.0,83.0,18.9
1997-06-16 04:30:00-12:00,16.18062,-46.62349,4.306,3231.0,34606.0,90.0,19.2
1997-06-16 04:31:00-12:00,16.17946,-46.62363,4.28,3211.0,34612.0,96.0,18.9
1997-06-16 04:32:00-12:00,16.1783,-46.62378,4.298,3225.0,34617.0,102.0,18.5
1997-06-16 04:33:00-12:00,16.17715,-46.62395,4.312,3235.0,34623.0,108.0,18.5
1997-06-16 04:34:00-12:00,16.17599,-46.62415,4.308,3232.0,34628.0,114.0,18.8
1997-06-16 04:40:00-12:00,16.21175,-46.62224,4.616,3466.0,34498.0,-35.0,17.7
1997-06-16 04:50:00-12:00,16.21053,-46.62221,4.624,3472.0,34500.0,-32.0,17.2
1997-06-16 04:55:00-12:00,16.17942,-46.61162,4.736,3557.0,34624.0,110.0,17.7
1997-06-16 04:56:00-12:00,16.18072,-46.61173,4.692,3523.0,34618.0,104.0,17.9
1997-06-16 04:57:00-12:00,16.18204,-46.61184,4.722,3546.0,34613.0,97.0,18.3
1997-06-16 04:58:00-12:00,16.18337,-46.61191,4.71,3536.0,34607.0,91.0,18.0
1997-06-16 04:59:00-12:00,16.18467,-46.612,4.627,3474.0,34602.0,85.0,17.9
1997-06-16 05:10:00-12:00,16.19961,-46.61295,4.88,3666.0,34550.0,26.0,17.2
1997-06-16 05:11:00-12:00,16.20098,-46.61301,4.838,3633.0,34547.0,22.0,16.9
1997-06-16 05:12:00-12:00,16.20235,-46.61308,4.778,3589.0,34542.0,16.0,17.5
1997-06-16 05:13:00-12:00,16.20366,-46.61318,4.743,3562.0,34538.0,12.0,17.1
1997-06-16 05:14:00-12:00,16.205,-46.61307,4.75,3567.0,34533.0,6.0,15.7
1997-06-16 05:15:00-12:00,16.20633,-46.61288,4.803,3607.0,34529.0,1.0,15.8
1997-06-16 05:17:00-12:00,16.20905,-46.61257,4.793,3600.0,34521.0,-9.0,17.6
1997-06-16 05:18:00-12:00,16.2104,-46.61238,4.815,3616.0,34517.0,-13.0,17.3
1997-06-16 05:20:00-12:00,16.18861,-46.6123,4.856,3647.0,34585.0,66.0,17.7
1997-06-16 05:22:00-12:00,16.21587,-46.61272,4.744,3563.0,34505.0,-28.0,17.7
1997-06-16 05:23:00-12:00,16.21729,-46.61286,4.8,3605.0,34502.0,-31.0,16.9
1997-06-16 05:24:00-12:00,16.21868,-46.61304,4.848,3641.0,34500.0,-35.0,17.6
1997-06-16 05:25:00-12:00,16.22003,-46.61331,4.818,3619.0,34498.0,-37.0,18.1
1997-06-16 05:28:00-12:00,16.2241,-46.61453,4.878,3664.0,34492.0,-46.0,17.7
1997-06-16 05:29:00-12:00,16.22543,-46.61509,4.898,3680.0,34490.0,-48.0,17.7
1997-06-16 05:30:00-12:00,16.22673,-46.61565,4.866,3656.0,34488.0,-51.0,17.1
1997-06-16 05:31:00-12:00,16.22807,-46.61618,4.772,3584.0,34486.0,-53.0,16.8
1997-06-16 05:32:00-12:00,16.22943,-46.61672,4.761,3576.0,34485.0,-56.0,17.0
1997-06-16 05:33:00-12:00,16.23078,-46.61731,4.764,3578.0,34484.0,-58.0,16.8
1997-06-16 05:34:00-12:00,16.23209,-46.61785,4.717,3542.0,34483.0,-59.0,16.7
1997-06-16 05:35:00-12:00,16.23339,-46.61841,4.756,3572.0,34482.0,-61.0,16.6
1997-06-16 05:36:00-12:00,16.23469,-46.61897,4.818,3619.0,34480.0,-63.0,16.4
1997-06-16 05:37:00-12:00,16.23595,-46.61954,4.809,3612.0,34480.0,-65.0,16.1
1997-06-16 05:38:00-12:00,16.23727,-46.62011,4.796,3602.0,34479.0,-66.0,16.2
1997-06-16 05:39:00-12:00,16.23859,-46.6207,4.717,3542.0,34478.0,-68.0,16.2
1997-06-16 05:40:00-12:00,16.19141,-46.61245,4.85,3643.0,34576.0,55.0,17.9
1997-06-16 05:41:00-12:00,16.24128,-46.62182,4.707,3534.0,34476.0,-72.0,16.5
1997-06-16 05:42:00-12:00,16.24263,-46.62239,4.705,3533.0,34475.0,-73.0,16.7
1997-06-16 05:43:00-12:00,16.24401,-46.62292,4.676,3511.0,34474.0,-75.0,17.2
1997-06-16 05:44:00-12:00,16.2454,-46.62347,4.592,3447.0,34473.0,-77.0,17.4
1997-06-16 05:45:00-12:00,16.24679,-46.62397,4.54,3408.0,34472.0,-78.0,17.5
1997-06-16 05:46:00-12:00,16.24816,-46.62453,4.609,3461.0,34472.0,-80.0,17.7
1997-06-16 05:47:00-12:00,16.24953,-46.62505,4.622,3470.0,34471.0,-81.0,17.5
1997-06-16 05:48:00-12:00,16.25089,-46.62556,4.576,3435.0,34471.0,-82.0,17.7
1997-06-16 05:49:00-12:00,16.25229,-46.62611,4.557,3421.0,34471.0,-83.0,18.0
1997-06-16 05:50:00-12:00,16.25369,-46.62663,4.564,3426.0,34471.0,-84.0,18.0
1997-06-16 05:51:00-12:00,16.25507,-46.62715,4.633,3479.0,34472.0,-84.0,17.7
1997-06-16 05:52:00-12:00,16.25645,-46.62768,4.646,3488.0,34472.0,-85.0,18.3
1997-06-16 06:14:00-12:00,16.24807,-46.62769,4.572,3432.0,34474.0,-78.0,20.3
1997-06-16 06:33:00-12:00,16.24643,-46.63247,4.569,3430.0,34474.0,-78.0,17.6
1997-06-16 06:34:00-12:00,16.24522,-46.6322,4.51,3385.0,34474.0,-78.0,17.7
1997-06-16 06:35:00-12:00,16.24403,-46.6319,4.526,3397.0,34474.0,-77.0,17.6
1997-06-16 06:36:00-12:00,16.24294,-46.63166,4.581,3439.0,34474.0,-76.0,17.8
1997-06-16 06:37:00-12:00,16.24193,-46.63143,4.594,3449.0,34474.0,-75.0,17.5
1997-06-16 06:39:00-12:00,16.23996,-46.63113,4.557,3421.0,34475.0,-73.0,18.4
1997-06-16 06:40:00-12:00,16.23894,-46.63115,4.541,3409.0,34476.0,-72.0,18.0
1997-06-16 06:41:00-12:00,16.23795,-46.63092,4.492,3372.0,34475.0,-72.0,16.3
1997-06-16 06:42:00-12:00,16.23697,-46.63061,4.461,3348.0,34476.0,-71.0,15.1
1997-06-16 06:44:00-12:00,16.23478,-46.63007,4.45,3340.0,34476.0,-69.0,17.1
1997-06-16 06:45:00-12:00,16.23366,-46.62977,4.448,3338.0,34477.0,-68.0,16.9
1997-06-16 06:46:00-12:00,16.23253,-46.62949,4.462,3348.0,34476.0,-68.0,16.8
1997-06-16 06:47:00-12:00,16.23137,-46.62923,4.521,3394.0,34477.0,-67.0,17.1
1997-06-16 06:50:00-12:00,16.22794,-46.62887,4.517,3391.0,34477.0,-65.0,18.3
1997-06-16 06:51:00-12:00,16.22678,-46.62889,4.499,3377.0,34476.0,-65.0,17.3
1997-06-16 06:52:00-12:00,16.22562,-46.62891,4.468,3354.0,34476.0,-65.0,16.4
1997-06-16 06:53:00-12:00,16.22446,-46.62889,4.461,3348.0,34475.0,-65.0,16.2
1997-06-16 06:54:00-12:00,16.22333,-46.62892,4.469,3355.0,34475.0,-65.0,16.4
1997-06-16 06:55:00-12:00,16.22219,-46.62893,4.456,3344.0,34474.0,-65.0,16.5
1997-06-16 06:56:00-12:00,16.22109,-46.62894,4.462,3348.0,34474.0,-64.0,16.1
1997-06-16 06:57:00-12:00,16.22,-46.62886,4.436,3329.0,34474.0,-63.0,15.9
1997-06-16 06:58:00-12:00,16.21885,-46.62876,4.349,3264.0,34474.0,-63.0,16.4
1997-06-16 06:59:00-12:00,16.21769,-46.62876,4.284,3214.0,34475.0,-62.0,17.4
1997-06-16 07:10:00-12:00,16.20536,-46.62904,4.321,3242.0,34489.0,-41.0,17.9
1997-06-16 07:11:00-12:00,16.20424,-46.62921,4.338,3256.0,34490.0,-39.0,17.2
1997-06-16 07:12:00-12:00,16.20306,-46.62936,4.396,3299.0,34493.0,-36.0,17.4
1997-06-16 07:13:00-12:00,16.20194,-46.62945,4.432,3326.0,34495.0,-33.0,17.6
1997-06-16 07:14:00-12:00,16.20079,-46.62955,4.449,3339.0,34498.0,-30.0,18.0
1997-06-16 07:15:00-12:00,16.19964,-46.62965,4.444,3335.0,34501.0,-26.0,17.9
1997-06-16 07:16:00-12:00,16.19849,-46.62967,4.438,3330.0,34504.0,-23.0,17.3
1997-06-16 07:17:00-12:00,16.19734,-46.62969,4.436,3329.0,34508.0,-18.0,17.4
1997-06-16 07:18:00-12:00,16.19619,-46.62967,4.435,3328.0,34512.0,-14.0,17.6
1997-06-16 07:19:00-12:00,16.19508,-46.62961,4.474,3359.0,34516.0,-9.0,17.8
1997-06-16 07:20:00-12:00,16.19397,-46.62954,4.536,3405.0,34521.0,-3.0,18.1
1997-06-16 07:21:00-12:00,16.19283,-46.6295,4.584,3441.0,34525.0,2.0,18.3
1997-06-16 07:22:00-12:00,16.19171,-46.6295,4.622,3470.0,34531.0,8.0,18.7
1997-06-16 07:23:00-12:00,16.19051,-46.6295,4.62,3469.0,34536.0,14.0,18.3
1997-06-16 07:24:00-12:00,16.18935,-46.62947,4.53,3401.0,34540.0,19.0,18.4
1997-06-16 07:25:00-12:00,16.18815,-46.62948,4.456,3344.0,34545.0,24.0,17.9
1997-06-16 07:26:00-12:00,16.18698,-46.62948,4.461,3348.0,34551.0,31.0,18.5
1997-06-16 07:27:00-12:00,16.18581,-46.62954,4.434,3328.0,34555.0,36.0,18.6
1997-06-16 07:28:00-12:00,16.18464,-46.6296,4.368,3278.0,34562.0,42.0,18.8
1997-06-16 07:29:00-12:00,16.18341,-46.62975,4.277,3209.0,34568.0,49.0,18.9
1997-06-16 07:30:00-12:00,16.18221,-46.62986,4.217,3164.0,34572.0,54.0,18.6
1997-06-16 07:31:00-12:00,16.18107,-46.62994,4.244,3184.0,34578.0,61.0,18.6
1997-06-16 07:32:00-12:00,16.17989,-46.63006,4.237,3179.0,34584.0,68.0,18.8
1997-06-16 07:33:00-12:00,16.17872,-46.63016,4.309,3233.0,34590.0,74.0,19.0
1997-06-16 07:34:00-12:00,16.17755,-46.63023,4.318,3239.0,34595.0,80.0,18.5
1997-06-16 07:35:00-12:00,16.1764,-46.63027,4.284,3214.0,34601.0,86.0,18.5
1997-06-16 07:36:00-12:00,16.17524,-46.63028,4.298,3225.0,34608.0,94.0,18.9
1997-06-16 07:37:00-12:00,16.17409,-46.63029,4.294,3221.0,34614.0,100.0,19.3
1997-06-16 07:38:00-12:00,16.17289,-46.63038,4.311,3234.0,34620.0,106.0,20.2
1997-06-16 07:39:00-12:00,16.17172,-46.63049,4.376,3284.0,34626.0,113.0,20.0
1997-06-16 07:40:00-12:00,16.21204,-46.62858,4.362,3274.0,34478.0,-55.0,16.9
1997-06-16 07:41:00-12:00,16.16932,-46.63066,4.383,3289.0,34634.0,123.0,19.9
1997-06-16 07:42:00-12:00,16.16815,-46.63069,4.389,3294.0,34640.0,129.0,20.2
1997-06-16 07:43:00-12:00,16.16695,-46.63073,4.387,3292.0,34643.0,133.0,19.9
1997-06-16 07:44:00-12:00,16.16573,-46.63072,4.373,3282.0,34647.0,138.0,19.4
1997-06-16 07:45:00-12:00,16.16451,-46.63074,4.365,3276.0,34651.0,142.0,19.6
1997-06-16 07:46:00-12:00,16.16331,-46.63079,4.355,3268.0,34654.0,146.0,20.0
1997-06-16 07:47:00-12:00,16.16211,-46.63086,4.284,3214.0,34657.0,149.0,20.6
1997-06-16 07:48:00-12:00,16.16091,-46.63093,4.196,3147.0,34658.0,151.0,19.9
1997-06-16 07:49:00-12:00,16.15966,-46.63092,4.221,3167.0,34660.0,154.0,19.7
1997-06-16 07:50:00-12:00,16.21655,-46.62879,4.239,3180.0,34475.0,-61.0,17.5
1997-06-16 07:51:00-12:00,16.15725,-46.63091,4.228,3172.0,34663.0,158.0,19.6
1997-06-16 07:52:00-12:00,16.15605,-46.63087,4.208,3157.0,34663.0,159.0,20.2
1997-06-16 07:53:00-12:00,16.15486,-46.63083,4.17,3128.0,34664.0,160.0,20.6
1997-06-16 07:54:00-12:00,16.15367,-46.63084,4.165,3124.0,34664.0,161.0,20.6
1997-06-16 07:55:00-12:00,16.15247,-46.63087,4.162,3122.0,34664.0,161.0,20.9
1997-06-16 07:56:00-12:00,16.15127,-46.63094,4.14,3105.0,34663.0,161.0,21.0
1997-06-16 07:57:00-12:00,16.15007,-46.63099,4.118,3088.0,34662.0,161.0,20.4
1997-06-16 07:58:00-12:00,16.14888,-46.63109,4.074,3056.0,34660.0,159.0,20.9
1997-06-16 07:59:00-12:00,16.14768,-46.6312,4.084,3063.0,34659.0,159.0,21.3
1997-06-16 08:10:00-12:00,16.13467,-46.63273,4.06,3044.0,34642.0,149.0,19.9
1997-06-16 08:11:00-12:00,16.13351,-46.63282,4.123,3092.0,34642.0,149.0,19.7
1997-06-16 08:12:00-12:00,16.13234,-46.63288,4.075,3056.0,34642.0,149.0,20.0
1997-06-16 08:13:00-12:00,16.13115,-46.63295,4.064,3047.0,34642.0,150.0,20.0
1997-06-16 08:14:00-12:00,16.13,-46.63291,4.174,3130.0,34643.0,152.0,19.6
1997-06-16 08:15:00-12:00,16.12885,-46.63281,4.214,3161.0,34644.0,154.0,19.5
1997-06-16 08:16:00-12:00,16.12769,-46.63275,4.253,3191.0,34646.0,156.0,20.5
1997-06-16 08:17:00-12:00,16.12653,-46.63277,4.214,3161.0,34648.0,159.0,21.1
1997-06-16 08:18:00-12:00,16.12534,-46.63285,4.13,3098.0,34650.0,161.0,21.0
1997-06-16 08:19:00-12:00,16.12418,-46.63293,4.092,3069.0,34652.0,164.0,20.5
1997-06-16 08:20:00-12:00,16.14405,-46.6315,4.142,3106.0,34653.0,155.0,20.3
1997-06-16 08:21:00-12:00,16.1219,-46.633,3.921,2939.0,34656.0,169.0,20.1
1997-06-16 08:22:00-12:00,16.12075,-46.63296,3.929,2945.0,34658.0,172.0,20.2
1997-06-16 08:23:00-12:00,16.1196,-46.63292,3.99,2991.0,34661.0,175.0,20.5
1997-06-16 08:24:00-12:00,16.11843,-46.63295,4.041,3030.0,34664.0,179.0,21.2
1997-06-16 08:25:00-12:00,16.11725,-46.633,4.005,3003.0,34666.0,182.0,21.4
1997-06-16 08:26:00-12:00,16.11607,-46.63305,4.076,3057.0,34669.0,185.0,20.9
1997-06-16 08:27:00-12:00,16.11489,-46.6331,4.157,3118.0,34672.0,188.0,20.7
1997-06-16 08:28:00-12:00,16.11371,-46.6332,4.169,3127.0,34674.0,192.0,21.4
1997-06-16 08:29:00-12:00,16.11251,-46.63345,4.165,3124.0,34676.0,194.0,22.0
1997-06-16 08:30:00-12:00,16.11134,-46.63366,4.217,3164.0,34678.0,196.0,21.0
1997-06-16 08:31:00-12:00,16.11016,-46.63383,4.233,3176.0,34679.0,198.0,20.1
1997-06-16 08:32:00-12:00,16.10901,-46.634,4.267,3201.0,34681.0,201.0,20.5
1997-06-16 08:33:00-12:00,16.10784,-46.6341,4.256,3193.0,34683.0,203.0,20.3
1997-06-16 08:34:00-12:00,16.10666,-46.63413,4.23,3173.0,34684.0,204.0,20.2
1997-06-16 08:35:00-12:00,16.10551,-46.63415,4.237,3179.0,34686.0,207.0,20.1
1997-06-16 08:36:00-12:00,16.10431,-46.63417,4.241,3182.0,34687.0,209.0,20.9
1997-06-16 08:37:00-12:00,16.10313,-46.63424,4.224,3169.0,34689.0,211.0,20.7
1997-06-16 08:38:00-12:00,16.10198,-46.63429,4.184,3138.0,34690.0,213.0,20.2
1997-06-16 08:39:00-12:00,16.1008,-46.63434,4.15,3112.0,34690.0,214.0,20.1
1997-06-16 08:40:00-12:00,16.14172,-46.63186,4.221,3167.0,34650.0,153.0,20.7
1997-06-16 08:41:00-12:00,16.09841,-46.63443,4.081,3061.0,34691.0,216.0,20.3
1997-06-16 08:42:00-12:00,16.09723,-46.63449,4.049,3036.0,34690.0,216.0,20.1
1997-06-16 08:43:00-12:00,16.09607,-46.63449,4.073,3055.0,34691.0,217.0,20.1
1997-06-16 08:44:00-12:00,16.09491,-46.63445,4.076,3057.0,34692.0,218.0,20.1
1997-06-16 08:45:00-12:00,16.09378,-46.63443,4.074,3056.0,34692.0,219.0,20.8
1997-06-16 08:46:00-12:00,16.09258,-46.6345,4.06,3044.0,34692.0,220.0,20.8
1997-06-16 08:47:00-12:00,16.09139,-46.63458,4.042,3031.0,34692.0,221.0,20.8
1997-06-16 08:48:00-12:00,16.09017,-46.63474,4.064,3047.0,34692.0,221.0,20.8
1997-06-16 08:49:00-12:00,16.08897,-46.63484,4.082,3062.0,34692.0,222.0,20.4
1997-06-16 08:50:00-12:00,16.14053,-46.63204,4.232,3175.0,34649.0,152.0,20.2
1997-06-16 08:51:00-12:00,16.08659,-46.63498,4.053,3039.0,34692.0,223.0,20.3
1997-06-16 08:52:00-12:00,16.0854,-46.63497,4.008,3005.0,34692.0,224.0,20.6
1997-06-16 08:53:00-12:00,16.08421,-46.63496,3.988,2990.0,34692.0,225.0,21.0
1997-06-16 08:54:00-12:00,16.08301,-46.63498,4.006,3003.0,34693.0,226.0,21.0
1997-06-16 08:55:00-12:00,16.08179,-46.63502,4.049,3036.0,34694.0,227.0,21.4
1997-06-16 08:56:00-12:00,16.0806,-46.6351,4.106,3080.0,34694.0,228.0,20.9
1997-06-16 08:57:00-12:00,16.0794,-46.63519,4.14,3105.0,34694.0,229.0,20.4
1997-06-16 08:58:00-12:00,16.07824,-46.63528,4.106,3080.0,34695.0,230.0,20.6
1997-06-16 08:59:00-12:00,16.07707,-46.63537,4.052,3038.0,34695.0,231.0,20.5
1997-06-16 09:10:00-12:00,16.06408,-46.63627,4.091,3068.0,34691.0,234.0,21.9
1997-06-16 09:11:00-12:00,16.06288,-46.63641,4.109,3082.0,34689.0,232.0,21.8
1997-06-16 09:12:00-12:00,16.06169,-46.63653,4.118,3088.0,34687.0,231.0,21.1
1997-06-16 09:13:00-12:00,16.0605,-46.63663,4.075,3056.0,34684.0,229.0,21.4
1997-06-16 09:14:00-12:00,16.0593,-46.63676,4.074,3056.0,34682.0,227.0,21.7
1997-06-16 09:15:00-12:00,16.05811,-46.63688,4.12,3090.0,34679.0,225.0,21.5
1997-06-16 09:16:00-12:00,16.05692,-46.63696,4.11,3082.0,34676.0,222.0,22.1
1997-06-16 09:17:00-12:00,16.05575,-46.63708,4.117,3088.0,34672.0,219.0,22.3
1997-06-16 09:18:00-12:00,16.05458,-46.63719,4.109,3082.0,34669.0,216.0,22.4
1997-06-16 09:19:00-12:00,16.05336,-46.63724,4.069,3052.0,34664.0,213.0,21.6
1997-06-16 09:20:00-12:00,16.07357,-46.63555,4.033,3024.0,34697.0,234.0,21.3
1997-06-16 09:21:00-12:00,16.05098,-46.63727,4.136,3102.0,34656.0,205.0,21.5
1997-06-16 09:22:00-12:00,16.04979,-46.63724,4.114,3086.0,34650.0,200.0,21.5
1997-06-16 09:23:00-12:00,16.0486,-46.63719,4.114,3086.0,34646.0,197.0,21.6
1997-06-16 09:24:00-12:00,16.04738,-46.63716,4.152,3114.0,34641.0,192.0,21.9
1997-06-16 09:25:00-12:00,16.04616,-46.63715,4.141,3106.0,34636.0,188.0,22.2
1997-06-16 09:26:00-12:00,16.04494,-46.63717,4.174,3130.0,34630.0,183.0,21.7
1997-06-16 09:27:00-12:00,16.04372,-46.63714,4.17,3128.0,34624.0,177.0,21.8
1997-06-16 09:28:00-12:00,16.0425,-46.63717,4.184,3138.0,34619.0,173.0,22.4
1997-06-16 09:29:00-12:00,16.04128,-46.63718,4.221,3167.0,34613.0,167.0,22.5
1997-06-16 09:30:00-12:00,16.07241,-46.63565,4.024,3017.0,34697.0,235.0,21.1
1997-06-16 09:31:00-12:00,16.03875,-46.63731,4.146,3110.0,34600.0,156.0,22.7
1997-06-16 09:32:00-12:00,16.03753,-46.6374,4.115,3086.0,34594.0,150.0,21.8
1997-06-16 09:33:00-12:00,16.03634,-46.63744,4.108,3081.0,34588.0,145.0,21.2
1997-06-16 09:34:00-12:00,16.03514,-46.63746,4.044,3032.0,34583.0,140.0,20.5
1997-06-16 09:35:00-12:00,16.03396,-46.63741,4.009,3006.0,34576.0,134.0,20.2
1997-06-16 09:36:00-12:00,16.03277,-46.63738,4.103,3077.0,34570.0,129.0,20.4
1997-06-16 09:37:00-12:00,16.03155,-46.63734,4.135,3101.0,34565.0,124.0,20.0
1997-06-16 09:38:00-12:00,16.03033,-46.63732,4.151,3113.0,34558.0,118.0,20.1
1997-06-16 09:39:00-12:00,16.02911,-46.63739,4.18,3135.0,34552.0,113.0,20.5
1997-06-16 09:40:00-12:00,16.07124,-46.63571,4.036,3026.0,34697.0,236.0,20.8
1997-06-16 09:41:00-12:00,16.02664,-46.63765,4.198,3148.0,34540.0,102.0,20.3
1997-06-16 09:42:00-12:00,16.02542,-46.63783,4.215,3162.0,34534.0,96.0,20.2
1997-06-16 09:43:00-12:00,16.02422,-46.63804,4.243,3183.0,34528.0,91.0,20.2
1997-06-16 09:44:00-12:00,16.02305,-46.63819,4.216,3163.0,34523.0,87.0,19.9
1997-06-16 09:45:00-12:00,16.02188,-46.63833,4.212,3160.0,34518.0,82.0,19.7
1997-06-16 09:46:00-12:00,16.02074,-46.63849,4.2,3150.0,34513.0,78.0,19.5
1997-06-16 09:47:00-12:00,16.01957,-46.63859,4.177,3133.0,34507.0,73.0,19.5
1997-06-16 09:48:00-12:00,16.01839,-46.6387,4.166,3124.0,34504.0,70.0,18.9
1997-06-16 09:49:00-12:00,16.01722,-46.63874,4.182,3136.0,34498.0,65.0,18.9
1997-06-16 09:50:00-12:00,16.0759,-46.63542,4.046,3033.0,34696.0,232.0,20.9
1997-06-16 09:51:00-12:00,16.01493,-46.63886,4.196,3147.0,34490.0,58.0,19.4
1997-06-16 09:52:00-12:00,16.01379,-46.6389,4.204,3154.0,34485.0,54.0,19.2
1997-06-16 09:53:00-12:00,16.01265,-46.6389,4.157,3118.0,34482.0,51.0,18.5
1997-06-16 09:54:00-12:00,16.01153,-46.63893,4.062,3045.0,34477.0,47.0,18.5
1997-06-16 09:55:00-12:00,16.01039,-46.63897,4.066,3050.0,34473.0,44.0,18.9
1997-06-16 09:56:00-12:00,16.00922,-46.63903,4.073,3055.0,34469.0,40.0,18.9
1997-06-16 09:57:00-12:00,16.00805,-46.63907,4.116,3087.0,34465.0,36.0,18.4
1997-06-16 09:58:00-12:00,16.00688,-46.63913,4.182,3136.0,34461.0,33.0,18.4
1997-06-16 09:59:00-12:00,16.00571,-46.63925,4.232,3175.0,34456.0,29.0,18.8
1997-06-16 10:10:00-12:00,15.99263,-46.6405,4.386,3292.0,34410.0,-11.0,16.5
1997-06-16 10:11:00-12:00,15.99144,-46.64052,4.396,3299.0,34406.0,-14.0,16.6
1997-06-16 10:12:00-12:00,15.99024,-46.64051,4.406,3306.0,34403.0,-17.0,17.2
1997-06-16 10:13:00-12:00,15.98904,-46.64049,4.412,3311.0,34399.0,-20.0,17.1
1997-06-16 10:14:00-12:00,15.98785,-46.64046,4.432,3326.0,34396.0,-23.0,17.6
1997-06-16 10:15:00-12:00,15.98664,-46.64049,4.424,3320.0,34392.0,-26.0,17.9
1997-06-16 10:16:00-12:00,15.9855,-46.64054,4.378,3286.0,34389.0,-28.0,17.5
1997-06-16 10:17:00-12:00,15.98433,-46.64055,4.378,3286.0,34385.0,-31.0,16.6
1997-06-16 10:18:00-12:00,15.98316,-46.64052,4.378,3286.0,34381.0,-34.0,16.8
1997-06-16 10:19:00-12:00,15.98196,-46.64054,4.362,3274.0,34378.0,-37.0,17.6
1997-06-16 10:20:00-12:00,15.98073,-46.64052,4.367,3277.0,34375.0,-39.0,17.0
1997-06-16 10:21:00-12:00,15.97951,-46.64054,4.381,3288.0,34373.0,-41.0,17.3
1997-06-16 10:22:00-12:00,15.97831,-46.64054,4.436,3329.0,34371.0,-42.0,17.7
1997-06-16 10:23:00-12:00,15.97713,-46.64051,4.452,3341.0,34370.0,-43.0,18.3
1997-06-16 10:24:00-12:00,15.97595,-46.64056,4.422,3318.0,34368.0,-44.0,18.5
1997-06-16 10:25:00-12:00,15.97477,-46.6406,4.428,3323.0,34367.0,-44.0,18.3
1997-06-16 10:26:00-12:00,15.97359,-46.64058,4.425,3321.0,34366.0,-45.0,17.7
1997-06-16 10:27:00-12:00,15.97238,-46.64059,4.405,3306.0,34365.0,-45.0,17.5
1997-06-16 10:28:00-12:00,15.9712,-46.64062,4.354,3268.0,34364.0,-46.0,17.3
1997-06-16 10:29:00-12:00,15.97002,-46.64065,4.334,3252.0,34364.0,-46.0,17.0
1997-06-16 10:30:00-12:00,15.96883,-46.64068,4.322,3243.0,34363.0,-46.0,17.0
1997-06-16 10:31:00-12:00,15.96766,-46.64065,4.32,3241.0,34362.0,-45.0,17.0
1997-06-16 10:32:00-12:00,15.96647,-46.64066,4.364,3275.0,34363.0,-45.0,17.0
1997-06-16 10:33:00-12:00,15.96526,-46.64072,4.389,3294.0,34363.0,-44.0,17.7
1997-06-16 10:34:00-12:00,15.96408,-46.64083,4.404,3305.0,34363.0,-44.0,17.8
1997-06-16 10:35:00-12:00,15.9629,-46.64094,4.422,3318.0,34363.0,-43.0,17.2
1997-06-16 10:36:00-12:00,15.96172,-46.64101,4.446,3336.0,34364.0,-41.0,16.3
1997-06-16 10:37:00-12:00,15.96051,-46.64104,4.447,3337.0,34365.0,-39.0,16.6
1997-06-16 10:38:00-12:00,15.95933,-46.64115,4.448,3338.0,34366.0,-37.0,16.9
1997-06-16 10:39:00-12:00,15.95809,-46.64123,4.446,3336.0,34367.0,-36.0,16.5
1997-06-16 10:40:00-12:00,15.99976,-46.63997,4.357,3270.0,34434.0,10.0,17.8
1997-06-16 10:41:00-12:00,15.95561,-46.64133,4.445,3336.0,34370.0,-32.0,15.7
1997-06-16 10:42:00-12:00,15.95435,-46.64141,4.457,3345.0,34372.0,-29.0,16.0
1997-06-16 10:43:00-12:00,15.95314,-46.64161,4.48,3363.0,34373.0,-27.0,16.3
1997-06-16 10:44:00-12:00,15.95196,-46.64183,4.52,3393.0,34375.0,-25.0,15.7
1997-06-16 10:45:00-12:00,15.95075,-46.642,4.523,3395.0,34376.0,-23.0,14.6
1997-06-16 10:46:00-12:00,15.94957,-46.64217,4.527,3398.0,34379.0,-20.0,14.0
1997-06-16 10:47:00-12:00,15.94838,-46.64225,4.535,3404.0,34381.0,-17.0,14.4
1997-06-16 10:48:00-12:00,15.94717,-46.64231,4.529,3400.0,34383.0,-14.0,14.2
1997-06-16 10:49:00-12:00,15.94598,-46.64235,4.527,3398.0,34386.0,-11.0,14.6
1997-06-16 10:50:00-12:00,16.00451,-46.63942,4.218,3165.0,34452.0,26.0,18.8
1997-06-16 10:51:00-12:00,15.94359,-46.64237,4.565,3427.0,34390.0,-5.0,14.9
1997-06-16 10:52:00-12:00,15.94237,-46.64238,4.564,3426.0,34393.0,-2.0,14.8
1997-06-16 10:53:00-12:00,15.94119,-46.64238,4.573,3433.0,34395.0,0.0,14.9
1997-06-16 10:54:00-12:00,15.94,-46.64243,4.572,3432.0,34397.0,3.0,15.2
1997-06-16 10:55:00-12:00,15.93876,-46.64248,4.584,3441.0,34398.0,5.0,15.0
1997-06-16 10:56:00-12:00,15.93755,-46.64258,4.603,3456.0,34400.0,8.0,14.7
1997-06-16 10:57:00-12:00,15.93636,-46.64267,4.578,3437.0,34403.0,11.0,14.4
1997-06-16 10:58:00-12:00,15.93515,-46.64275,4.543,3410.0,34405.0,13.0,13.7
1997-06-16 10:59:00-12:00,15.93396,-46.64285,4.522,3395.0,34406.0,15.0,13.6
1997-06-16 11:10:00-12:00,15.93154,-46.64291,4.549,3415.0,34409.0,19.0,13.6
1997-06-16 11:11:00-12:00,15.91908,-46.64324,4.581,3439.0,34417.0,34.0,13.4
1997-06-16 11:12:00-12:00,15.91786,-46.6433,4.582,3439.0,34417.0,35.0,13.4
1997-06-16 11:13:00-12:00,15.91664,-46.64339,4.575,3434.0,34418.0,36.0,13.2
1997-06-16 11:14:00-12:00,15.9154,-46.64344,4.566,3427.0,34418.0,36.0,13.4
1997-06-16 11:15:00-12:00,15.91418,-46.64351,4.565,3427.0,34417.0,36.0,12.8
1997-06-16 11:16:00-12:00,15.91296,-46.6436,4.642,3486.0,34417.0,37.0,13.0
1997-06-16 11:17:00-12:00,15.91171,-46.64366,4.649,3491.0,34417.0,38.0,12.8
1997-06-16 11:18:00-12:00,15.91044,-46.64368,4.653,3494.0,34417.0,38.0,12.5
1997-06-16 11:19:00-12:00,15.90922,-46.64371,4.652,3493.0,34417.0,38.0,13.2
1997-06-16 11:20:00-12:00,15.90794,-46.64379,4.642,3486.0,34416.0,39.0,12.6
1997-06-16 11:21:00-12:00,15.9067,-46.64388,4.608,3460.0,34416.0,39.0,13.1
1997-06-16 11:22:00-12:00,15.90543,-46.64402,4.574,3433.0,34415.0,39.0,12.6
1997-06-16 11:23:00-12:00,15.90417,-46.64408,4.569,3430.0,34414.0,39.0,12.4
1997-06-16 11:24:00-12:00,15.90292,-46.64411,4.576,3435.0,34413.0,38.0,11.7
1997-06-16 11:25:00-12:00,15.90166,-46.64414,4.574,3433.0,34413.0,39.0,12.4
1997-06-16 11:26:00-12:00,15.9004,-46.64421,4.593,3448.0,34412.0,38.0,12.5
1997-06-16 11:27:00-12:00,15.89915,-46.6443,4.644,3487.0,34412.0,38.0,12.4
1997-06-16 11:28:00-12:00,15.89789,-46.64441,4.664,3502.0,34410.0,38.0,12.1
1997-06-16 11:29:00-12:00,15.89664,-46.64451,4.674,3510.0,34409.0,37.0,11.7
1997-06-16 11:30:00-12:00,15.89538,-46.6446,4.682,3516.0,34408.0,37.0,11.7
1997-06-16 11:31:00-12:00,15.89413,-46.6447,4.706,3534.0,34407.0,36.0,11.9
1997-06-16 11:32:00-12:00,15.89288,-46.6448,4.704,3532.0,34407.0,37.0,11.9
1997-06-16 11:33:00-12:00,15.89159,-46.6449,4.694,3524.0,34406.0,37.0,11.6
1997-06-16 11:34:00-12:00,15.89034,-46.64499,4.685,3518.0,34406.0,37.0,11.0
1997-06-16 11:35:00-12:00,15.88908,-46.64503,4.679,3513.0,34405.0,37.0,10.9
1997-06-16 11:36:00-12:00,15.8878,-46.64506,4.682,3516.0,34405.0,37.0,10.9
1997-06-16 11:37:00-12:00,15.88654,-46.6451,4.68,3514.0,34405.0,38.0,10.8
1997-06-16 11:38:00-12:00,15.88528,-46.64516,4.681,3515.0,34404.0,38.0,10.9
1997-06-16 11:39:00-12:00,15.88402,-46.64519,4.677,3512.0,34404.0,39.0,11.1
1997-06-16 11:40:00-12:00,15.92783,-46.64299,4.53,3401.0,34414.0,26.0,14.1
1997-06-16 11:41:00-12:00,15.88148,-46.64521,4.652,3493.0,34406.0,41.0,11.9
1997-06-16 11:42:00-12:00,15.88022,-46.6452,4.673,3509.0,34406.0,42.0,12.0
1997-06-16 11:43:00-12:00,15.87892,-46.64513,4.688,3520.0,34407.0,44.0,12.4
1997-06-16 11:44:00-12:00,15.87761,-46.64509,4.715,3540.0,34408.0,45.0,12.0
1997-06-16 11:45:00-12:00,15.87628,-46.64505,4.714,3540.0,34409.0,48.0,11.5
1997-06-16 11:46:00-12:00,15.87495,-46.64507,4.726,3548.0,34410.0,49.0,11.8
1997-06-16 11:47:00-12:00,15.87362,-46.64513,4.737,3558.0,34412.0,52.0,12.3
1997-06-16 11:48:00-12:00,15.87232,-46.64516,4.734,3554.0,34414.0,54.0,12.1
1997-06-16 11:49:00-12:00,15.87102,-46.64522,4.718,3542.0,34416.0,57.0,12.0
1997-06-16 11:50:00-12:00,15.93275,-46.64291,4.552,3417.0,34408.0,17.0,13.0
1997-06-16 11:51:00-12:00,15.86839,-46.64533,4.727,3549.0,34420.0,62.0,11.3
1997-06-16 11:52:00-12:00,15.86709,-46.64532,4.742,3561.0,34423.0,66.0,10.5
1997-06-16 11:53:00-12:00,15.86578,-46.64529,4.768,3581.0,34427.0,70.0,10.7
1997-06-16 11:54:00-12:00,15.86448,-46.64531,4.784,3593.0,34430.0,74.0,11.0
1997-06-16 11:55:00-12:00,15.86318,-46.64538,4.798,3603.0,34433.0,78.0,11.4
1997-06-16 11:56:00-12:00,15.86189,-46.64553,4.8,3605.0,34436.0,82.0,11.6
1997-06-16 11:57:00-12:00,15.8606,-46.64566,4.781,3591.0,34440.0,86.0,11.3
1997-06-16 11:58:00-12:00,15.85931,-46.6458,4.746,3565.0,34444.0,91.0,11.1
1997-06-16 11:59:00-12:00,15.85802,-46.64592,4.722,3546.0,34447.0,95.0,11.4
1997-06-16 12:10:00-12:00,15.84417,-46.64673,4.905,3685.0,34492.0,146.0,10.5
1997-06-16 12:11:00-12:00,15.84294,-46.64676,4.926,3700.0,34496.0,151.0,10.4
1997-06-16 12:12:00-12:00,15.84168,-46.64678,4.952,3720.0,34499.0,155.0,10.6
1997-06-16 12:13:00-12:00,15.84042,-46.64681,5.008,3763.0,34504.0,160.0,10.6
1997-06-16 12:14:00-12:00,15.83915,-46.6468,5.028,3778.0,34507.0,164.0,11.0
1997-06-16 12:15:00-12:00,15.83786,-46.64678,4.994,3753.0,34511.0,168.0,10.7
1997-06-16 12:16:00-12:00,15.83657,-46.64677,4.98,3742.0,34513.0,172.0,10.8
1997-06-16 12:17:00-12:00,15.83531,-46.64678,4.973,3737.0,34517.0,176.0,11.0
1997-06-16 12:18:00-12:00,15.83408,-46.64681,4.984,3745.0,34518.0,178.0,10.8
1997-06-16 12:19:00-12:00,15.83285,-46.64682,5.005,3761.0,34520.0,180.0,10.8
1997-06-16 12:20:00-12:00,15.85416,-46.64621,4.806,3609.0,34460.0,110.0,11.4
1997-06-16 12:21:00-12:00,15.83039,-46.64692,5.142,3865.0,34525.0,186.0,10.6
1997-06-16 12:22:00-12:00,15.82916,-46.64693,5.164,3882.0,34526.0,188.0,9.9
1997-06-16 12:23:00-12:00,15.82793,-46.64697,5.173,3889.0,34527.0,190.0,9.9
1997-06-16 12:24:00-12:00,15.8267,-46.64702,5.172,3888.0,34529.0,192.0,10.2
1997-06-16 12:25:00-12:00,15.82545,-46.64714,5.148,3870.0,34530.0,194.0,10.7
1997-06-16 12:26:00-12:00,15.82422,-46.64734,5.127,3853.0,34530.0,195.0,11.1
1997-06-16 12:27:00-12:00,15.82298,-46.64753,5.19,3901.0,34531.0,197.0,10.6
1997-06-16 12:28:00-12:00,15.82176,-46.64761,5.23,3931.0,34532.0,198.0,10.0
1997-06-16 12:29:00-12:00,15.82053,-46.64761,5.257,3953.0,34533.0,200.0,9.8
1997-06-16 12:30:00-12:00,15.81927,-46.64759,5.296,3982.0,34535.0,202.0,10.4
1997-06-16 12:31:00-12:00,15.81804,-46.64757,5.356,4028.0,34535.0,203.0,10.9
1997-06-16 12:32:00-12:00,15.8168,-46.64754,5.378,4046.0,34535.0,204.0,11.2
1997-06-16 12:33:00-12:00,15.81557,-46.64757,5.369,4039.0,34535.0,204.0,10.8
1997-06-16 12:34:00-12:00,15.81432,-46.64761,5.382,4048.0,34534.0,203.0,10.8
1997-06-16 12:35:00-12:00,15.81304,-46.64769,5.406,4066.0,34532.0,203.0,10.2
1997-06-16 12:36:00-12:00,15.81178,-46.6477,5.43,4084.0,34532.0,203.0,10.2
1997-06-16 12:37:00-12:00,15.81049,-46.64772,5.422,4078.0,34530.0,202.0,9.8
1997-06-16 12:38:00-12:00,15.80923,-46.6477,5.396,4059.0,34528.0,201.0,10.3
1997-06-16 12:39:00-12:00,15.80797,-46.64773,5.385,4051.0,34526.0,200.0,10.1
1997-06-16 12:40:00-12:00,15.85165,-46.64633,4.906,3686.0,34469.0,120.0,10.9
1997-06-16 12:41:00-12:00,15.80551,-46.64771,5.381,4048.0,34522.0,196.0,9.8
1997-06-16 12:42:00-12:00,15.80431,-46.64773,5.373,4042.0,34520.0,195.0,10.4
1997-06-16 12:43:00-12:00,15.80307,-46.64777,5.366,4035.0,34517.0,193.0,10.8
1997-06-16 12:44:00-12:00,15.80182,-46.64782,5.361,4032.0,34514.0,191.0,10.6
1997-06-16 12:45:00-12:00,15.80059,-46.6479,5.35,4023.0,34511.0,188.0,11.1
1997-06-16 12:46:00-12:00,15.79936,-46.64804,5.334,4011.0,34507.0,185.0,11.0
1997-06-16 12:47:00-12:00,15.79812,-46.64815,5.332,4010.0,34504.0,182.0,10.5
1997-06-16 12:48:00-12:00,15.79688,-46.64819,5.332,4010.0,34500.0,179.0,10.2
1997-06-16 12:49:00-12:00,15.79561,-46.64826,5.333,4011.0,34497.0,176.0,10.2
1997-06-16 12:50:00-12:00,15.85673,-46.64604,4.736,3557.0,34452.0,100.0,11.5
1997-06-16 12:51:00-12:00,15.79309,-46.64849,5.346,4021.0,34490.0,171.0,10.7
1997-06-16 12:52:00-12:00,15.79185,-46.64857,5.336,4013.0,34485.0,167.0,10.4
1997-06-16 12:53:00-12:00,15.79058,-46.64859,5.335,4012.0,34482.0,164.0,10.2
1997-06-16 12:54:00-12:00,15.78931,-46.64862,5.336,4013.0,34479.0,161.0,11.1
1997-06-16 12:55:00-12:00,15.78805,-46.64875,5.346,4021.0,34475.0,158.0,11.7
1997-06-16 12:56:00-12:00,15.78679,-46.64886,5.38,4047.0,34471.0,155.0,11.8
1997-06-16 12:57:00-12:00,15.78553,-46.64901,5.402,4064.0,34466.0,151.0,11.2
1997-06-16 12:58:00-12:00,15.78429,-46.64908,5.439,4092.0,34463.0,148.0,11.2
1997-06-16 12:59:00-12:00,15.78305,-46.64908,5.45,4101.0,34460.0,145.0,11.3
1997-06-16 13:10:00-12:00,15.7694,-46.64962,5.44,4093.0,34430.0,122.0,10.9
1997-06-16 13:11:00-12:00,15.76814,-46.64967,5.462,4109.0,34428.0,122.0,10.7
1997-06-16 13:12:00-12:00,15.76689,-46.64976,5.48,4123.0,34428.0,121.0,10.8
1997-06-16 13:13:00-12:00,15.7656,-46.64982,5.481,4124.0,34427.0,121.0,10.2
1997-06-16 13:14:00-12:00,15.76434,-46.64983,5.444,4096.0,34427.0,122.0,10.0
1997-06-16 13:15:00-12:00,15.76308,-46.6498,5.424,4080.0,34426.0,122.0,9.9
1997-06-16 13:16:00-12:00,15.76179,-46.64977,5.434,4089.0,34426.0,123.0,10.1
1997-06-16 13:17:00-12:00,15.76055,-46.64975,5.438,4091.0,34427.0,124.0,10.1
1997-06-16 13:18:00-12:00,15.75929,-46.64977,5.46,4108.0,34428.0,126.0,9.8
1997-06-16 13:19:00-12:00,15.75803,-46.64981,5.464,4111.0,34429.0,128.0,10.2
1997-06-16 13:20:00-12:00,15.75676,-46.64992,5.477,4121.0,34431.0,130.0,10.4
1997-06-16 13:21:00-12:00,15.75548,-46.65005,5.5,4138.0,34432.0,131.0,10.7
1997-06-16 13:22:00-12:00,15.75422,-46.65026,5.521,4155.0,34432.0,132.0,11.0
1997-06-16 13:23:00-12:00,15.75297,-46.65056,5.5,4138.0,34433.0,134.0,10.8
1997-06-16 13:24:00-12:00,15.75171,-46.65077,5.482,4125.0,34434.0,136.0,9.8
1997-06-16 13:25:00-12:00,15.75048,-46.65094,5.528,4160.0,34436.0,138.0,9.0
1997-06-16 13:26:00-12:00,15.74921,-46.65105,5.546,4174.0,34438.0,140.0,9.1
1997-06-16 13:27:00-12:00,15.74794,-46.65119,5.561,4185.0,34439.0,143.0,9.8
1997-06-16 13:28:00-12:00,15.74668,-46.65131,5.529,4161.0,34441.0,145.0,9.6
1997-06-16 13:29:00-12:00,15.74543,-46.65141,5.45,4101.0,34443.0,148.0,9.4
1997-06-16 13:30:00-12:00,15.74419,-46.65153,5.456,4105.0,34446.0,151.0,9.5
1997-06-16 13:31:00-12:00,15.74295,-46.65168,5.465,4112.0,34448.0,154.0,9.6
1997-06-16 13:32:00-12:00,15.74171,-46.65174,5.51,4146.0,34450.0,156.0,9.5
1997-06-16 13:33:00-12:00,15.74049,-46.65186,5.545,4173.0,34452.0,159.0,9.3
1997-06-16 13:34:00-12:00,15.73922,-46.65193,5.59,4207.0,34453.0,161.0,9.9
1997-06-16 13:35:00-12:00,15.73795,-46.65205,5.614,4225.0,34454.0,163.0,9.7
1997-06-16 13:36:00-12:00,15.73671,-46.65218,5.61,4223.0,34455.0,164.0,10.1
1997-06-16 13:37:00-12:00,15.73546,-46.65227,5.633,4240.0,34456.0,166.0,9.7
1997-06-16 13:38:00-12:00,15.73424,-46.65229,5.642,4248.0,34457.0,168.0,9.2
1997-06-16 13:39:00-12:00,15.73304,-46.65227,5.645,4250.0,34458.0,169.0,9.2
1997-06-16 13:40:00-12:00,15.77689,-46.64932,5.528,4160.0,34444.0,132.0,11.6
1997-06-16 13:41:00-12:00,15.73061,-46.65228,5.634,4242.0,34461.0,173.0,9.6
1997-06-16 13:42:00-12:00,15.72939,-46.65234,5.633,4240.0,34461.0,174.0,9.6
1997-06-16 13:43:00-12:00,15.72813,-46.65235,5.624,4233.0,34461.0,174.0,9.7
1997-06-16 13:44:00-12:00,15.72688,-46.6524,5.614,4225.0,34461.0,175.0,10.3
1997-06-16 13:45:00-12:00,15.7256,-46.65248,5.606,4219.0,34460.0,175.0,10.5
1997-06-16 13:46:00-12:00,15.7243,-46.65258,5.6,4215.0,34459.0,175.0,10.4
1997-06-16 13:47:00-12:00,15.72299,-46.65264,5.6,4215.0,34458.0,174.0,10.2
1997-06-16 13:48:00-12:00,15.72169,-46.65274,5.6,4215.0,34457.0,174.0,10.1
1997-06-16 13:49:00-12:00,15.7204,-46.65288,5.588,4206.0,34455.0,172.0,10.0
1997-06-16 13:50:00-12:00,15.77564,-46.64942,5.498,4137.0,34441.0,130.0,11.4
1997-06-16 13:51:00-12:00,15.71782,-46.65322,5.592,4209.0,34451.0,170.0,10.3
1997-06-16 13:52:00-12:00,15.71653,-46.65339,5.601,4216.0,34450.0,169.0,10.2
1997-06-16 13:53:00-12:00,15.71524,-46.65356,5.605,4219.0,34448.0,167.0,10.5
1997-06-16 13:54:00-12:00,15.71396,-46.65377,5.604,4218.0,34445.0,166.0,10.2
1997-06-16 13:55:00-12:00,15.71266,-46.65397,5.598,4213.0,34444.0,165.0,9.9
1997-06-16 13:56:00-12:00,15.71137,-46.65416,5.601,4216.0,34442.0,163.0,9.7
1997-06-16 13:57:00-12:00,15.7101,-46.65428,5.601,4216.0,34440.0,162.0,9.6
1997-06-16 13:58:00-12:00,15.70881,-46.6543,5.6,4215.0,34437.0,160.0,9.1
1997-06-16 13:59:00-12:00,15.7075,-46.65429,5.601,4216.0,34436.0,159.0,9.4
1997-06-16 14:10:00-12:00,15.69331,-46.65499,5.564,4187.0,34408.0,138.0,10.4
1997-06-16 14:11:00-12:00,15.69207,-46.65502,5.561,4185.0,34405.0,136.0,9.7
1997-06-16 14:12:00-12:00,15.69082,-46.65504,5.558,4182.0,34402.0,134.0,9.8
1997-06-16 14:13:00-12:00,15.68955,-46.6551,5.56,4184.0,34400.0,133.0,10.3
1997-06-16 14:14:00-12:00,15.68831,-46.65514,5.574,4195.0,34397.0,130.0,9.7
1997-06-16 14:15:00-12:00,15.68706,-46.65514,5.598,4213.0,34394.0,128.0,9.3
1997-06-16 14:16:00-12:00,15.68578,-46.65507,5.616,4227.0,34390.0,125.0,9.6
1997-06-16 14:17:00-12:00,15.68452,-46.65497,5.618,4229.0,34388.0,124.0,9.9
1997-06-16 14:18:00-12:00,15.68324,-46.65484,5.57,4193.0,34386.0,122.0,10.1
1997-06-16 14:19:00-12:00,15.68199,-46.65473,5.527,4159.0,34384.0,120.0,10.2
1997-06-16 14:20:00-12:00,15.68076,-46.65457,5.542,4170.0,34381.0,119.0,10.1
1997-06-16 14:21:00-12:00,15.67954,-46.65436,5.554,4180.0,34379.0,117.0,9.6
1997-06-16 14:22:00-12:00,15.67832,-46.65416,5.564,4187.0,34376.0,115.0,9.8
1997-06-16 14:23:00-12:00,15.67707,-46.65393,5.566,4188.0,34374.0,114.0,9.9
1997-06-16 14:24:00-12:00,15.67583,-46.65371,5.548,4175.0,34372.0,112.0,10.6
1997-06-16 14:25:00-12:00,15.67458,-46.65353,5.564,4187.0,34370.0,110.0,9.9
1997-06-16 14:26:00-12:00,15.67331,-46.65328,5.596,4212.0,34368.0,109.0,9.6
1997-06-16 14:27:00-12:00,15.67204,-46.65307,5.634,4242.0,34365.0,107.0,9.6
1997-06-16 14:28:00-12:00,15.67074,-46.65286,5.653,4256.0,34363.0,106.0,9.7
1997-06-16 14:29:00-12:00,15.66944,-46.65267,5.666,4266.0,34361.0,105.0,8.9
1997-06-16 14:30:00-12:00,15.66817,-46.65243,5.678,4274.0,34359.0,103.0,8.3
1997-06-16 14:31:00-12:00,15.6669,-46.65217,5.676,4273.0,34356.0,101.0,7.5
1997-06-16 14:32:00-12:00,15.6656,-46.65189,5.684,4279.0,34354.0,100.0,7.9
1997-06-16 14:33:00-12:00,15.6643,-46.65175,5.67,4268.0,34352.0,98.0,8.6
1997-06-16 14:34:00-12:00,15.66302,-46.65162,5.664,4264.0,34349.0,96.0,8.4
1997-06-16 14:35:00-12:00,15.66175,-46.65145,5.673,4271.0,34346.0,94.0,7.7
1997-06-16 14:36:00-12:00,15.66045,-46.65122,5.68,4276.0,34344.0,92.0,6.8
1997-06-16 14:37:00-12:00,15.65918,-46.65092,5.689,4283.0,34341.0,90.0,6.6
1997-06-16 14:38:00-12:00,15.65792,-46.65062,5.693,4286.0,34339.0,88.0,6.5
1997-06-16 14:39:00-12:00,15.65667,-46.65027,5.69,4284.0,34337.0,87.0,6.4
1997-06-16 14:40:00-12:00,15.70098,-46.65429,5.562,4186.0,34424.0,151.0,10.9
1997-06-16 14:41:00-12:00,15.65419,-46.64972,5.678,4274.0,34334.0,85.0,6.9
1997-06-16 14:42:00-12:00,15.65292,-46.64953,5.69,4284.0,34332.0,84.0,6.5
1997-06-16 14:43:00-12:00,15.65162,-46.64932,5.702,4293.0,34330.0,83.0,6.3
1997-06-16 14:44:00-12:00,15.65028,-46.64917,5.726,4311.0,34328.0,82.0,6.4
1997-06-16 14:45:00-12:00,15.64895,-46.64912,5.746,4327.0,34326.0,80.0,7.2
1997-06-16 14:46:00-12:00,15.64763,-46.64912,5.769,4345.0,34324.0,79.0,7.0
1997-06-16 14:47:00-12:00,15.64633,-46.6491,5.797,4366.0,34321.0,77.0,6.0
1997-06-16 14:48:00-12:00,15.64505,-46.64898,5.81,4377.0,34319.0,76.0,5.1
1997-06-16 14:49:00-12:00,15.64377,-46.64884,5.832,4393.0,34318.0,75.0,5.2
1997-06-16 14:50:00-12:00,15.70618,-46.65427,5.602,4217.0,34433.0,158.0,10.1
1997-06-16 14:51:00-12:00,15.64123,-46.6484,5.838,4397.0,34313.0,72.0,4.4
1997-06-16 14:52:00-12:00,15.63993,-46.64814,5.856,4412.0,34311.0,70.0,4.6
1997-06-16 14:53:00-12:00,15.63865,-46.64791,5.862,4416.0,34309.0,69.0,5.0
1997-06-16 14:54:00-12:00,15.63738,-46.64774,5.868,4421.0,34307.0,68.0,4.8
1997-06-16 14:55:00-12:00,15.63607,-46.64758,5.849,4407.0,34306.0,67.0,4.7
1997-06-16 14:56:00-12:00,15.6348,-46.64738,5.877,4428.0,34303.0,65.0,4.1
1997-06-16 14:57:00-12:00,15.63349,-46.6472,5.886,4434.0,34302.0,64.0,4.4
1997-06-16 14:58:00-12:00,15.63222,-46.647,5.912,4455.0,34300.0,63.0,4.5
1997-06-16 14:59:00-12:00,15.63092,-46.64678,5.914,4457.0,34298.0,62.0,3.9
1997-06-16 15:10:00-12:00,15.61695,-46.64477,5.988,4513.0,34286.0,58.0,-0.1
1997-06-16 15:11:00-12:00,15.61569,-46.64462,6.002,4524.0,34285.0,57.0,0.1
1997-06-16 15:12:00-12:00,15.61444,-46.64457,6.024,4541.0,34284.0,57.0,0.4
1997-06-16 15:13:00-12:00,15.61315,-46.64455,6.034,4549.0,34282.0,56.0,0.1
1997-06-16 15:14:00-12:00,15.61192,-46.64448,6.042,4555.0,34280.0,55.0,-0.9
1997-06-16 15:15:00-12:00,15.61069,-46.64434,6.058,4567.0,34279.0,54.0,-1.8
1997-06-16 15:16:00-12:00,15.60944,-46.64415,6.06,4568.0,34277.0,53.0,-1.6
1997-06-16 15:17:00-12:00,15.60818,-46.644,6.062,4569.0,34276.0,52.0,-1.1
1997-06-16 15:18:00-12:00,15.60696,-46.64379,6.06,4568.0,34274.0,51.0,-1.8
1997-06-16 15:19:00-12:00,15.60574,-46.64355,6.058,4567.0,34273.0,50.0,-2.2
1997-06-16 15:20:00-12:00,15.60449,-46.64333,6.058,4567.0,34272.0,50.0,-1.7
1997-06-16 15:21:00-12:00,15.60324,-46.64312,6.054,4563.0,34271.0,50.0,-2.5
1997-06-16 15:22:00-12:00,15.60201,-46.64295,6.052,4562.0,34270.0,49.0,-2.3
1997-06-16 15:23:00-12:00,15.6008,-46.64291,6.042,4555.0,34268.0,49.0,-2.7
1997-06-16 15:24:00-12:00,15.59954,-46.64285,6.018,4536.0,34267.0,48.0,-3.5
1997-06-16 15:25:00-12:00,15.59827,-46.64279,6.004,4525.0,34265.0,47.0,-3.7
1997-06-16 15:26:00-12:00,15.59703,-46.64276,5.986,4512.0,34264.0,46.0,-4.1
1997-06-16 15:27:00-12:00,15.59579,-46.64269,5.988,4513.0,34262.0,45.0,-4.5
1997-06-16 15:28:00-12:00,15.59453,-46.6426,5.97,4500.0,34260.0,44.0,-5.1
1997-06-16 15:29:00-12:00,15.59332,-46.64249,5.966,4495.0,34259.0,43.0,-4.8
1997-06-16 15:30:00-12:00,15.59208,-46.64244,5.966,4495.0,34257.0,42.0,-4.9
1997-06-16 15:31:00-12:00,15.59081,-46.64235,5.972,4501.0,34256.0,42.0,-4.7
1997-06-16 15:32:00-12:00,15.58954,-46.64231,5.964,4494.0,34255.0,41.0,-4.8
1997-06-16 15:33:00-12:00,15.58828,-46.64227,5.95,4483.0,34253.0,40.0,-5.1
1997-06-16 15:34:00-12:00,15.58704,-46.64217,5.957,4489.0,34251.0,39.0,-5.5
1997-06-16 15:35:00-12:00,15.5858,-46.64207,5.961,4492.0,34250.0,38.0,-6.0
1997-06-16 15:36:00-12:00,15.58456,-46.64194,5.982,4508.0,34250.0,38.0,-6.2
1997-06-16 15:37:00-12:00,15.5833,-46.64183,5.99,4514.0,34248.0,38.0,-6.6
1997-06-16 15:38:00-12:00,15.58206,-46.64172,5.98,4507.0,34247.0,37.0,-6.5
1997-06-16 15:39:00-12:00,15.58082,-46.64168,5.974,4502.0,34246.0,37.0,-6.5
1997-06-16 15:40:00-12:00,15.62451,-46.64567,5.968,4498.0,34292.0,60.0,2.0
1997-06-16 15:41:00-12:00,15.57829,-46.64162,6.045,4557.0,34243.0,35.0,-7.2
1997-06-16 15:42:00-12:00,15.57708,-46.64157,6.085,4588.0,34242.0,34.0,-7.7
1997-06-16 15:43:00-12:00,15.57581,-46.64145,6.092,4593.0,34241.0,34.0,-7.5
1997-06-16 15:44:00-12:00,15.57455,-46.64136,6.088,4590.0,34239.0,32.0,-7.5
1997-06-16 15:45:00-12:00,15.57331,-46.64125,6.056,4565.0,34237.0,32.0,-7.3
1997-06-16 15:46:00-12:00,15.57202,-46.64118,6.012,4531.0,34235.0,30.0,-7.9
1997-06-16 15:47:00-12:00,15.57078,-46.64114,5.985,4511.0,34234.0,30.0,-8.3
1997-06-16 15:48:00-12:00,15.56955,-46.64111,6.001,4523.0,34232.0,28.0,-8.1
1997-06-16 15:49:00-12:00,15.56832,-46.64108,6.014,4532.0,34231.0,28.0,-8.5
1997-06-16 15:50:00-12:00,15.62962,-46.64654,5.906,4451.0,34296.0,61.0,3.8
1997-06-16 15:51:00-12:00,15.56579,-46.64095,6.1,4599.0,34228.0,26.0,-9.0
1997-06-16 15:52:00-12:00,15.56455,-46.64086,6.166,4649.0,34226.0,25.0,-9.2
1997-06-16 15:53:00-12:00,15.56329,-46.64082,6.228,4697.0,34224.0,24.0,-8.6
1997-06-16 15:54:00-12:00,15.56199,-46.64075,6.288,4743.0,34223.0,23.0,-9.2
1997-06-16 15:55:00-12:00,15.5607,-46.6407,6.326,4772.0,34220.0,22.0,-9.2
1997-06-16 15:56:00-12:00,15.55941,-46.64059,6.35,4791.0,34219.0,21.0,-9.2
1997-06-16 15:57:00-12:00,15.55812,-46.64053,6.352,4793.0,34217.0,20.0,-9.4
1997-06-16 15:58:00-12:00,15.55683,-46.64047,6.347,4789.0,34215.0,18.0,-9.4
1997-06-16 15:59:00-12:00,15.55551,-46.64044,6.364,4802.0,34213.0,17.0,-9.5
1997-06-16 16:10:00-12:00,15.54177,-46.6396,6.37,4807.0,34192.0,3.0,-12.5
1997-06-16 16:11:00-12:00,15.54053,-46.63945,6.369,4806.0,34191.0,2.0,-12.1
1997-06-16 16:12:00-12:00,15.53932,-46.63932,6.37,4807.0,34189.0,1.0,-11.8
1997-06-16 16:13:00-12:00,15.53811,-46.63918,6.368,4805.0,34187.0,0.0,-12.1
1997-06-16 16:14:00-12:00,15.53689,-46.63909,6.365,4803.0,34185.0,-1.0,-12.3
1997-06-16 16:15:00-12:00,15.53568,-46.63897,6.364,4802.0,34184.0,-2.0,-12.7
1997-06-16 16:16:00-12:00,15.5345,-46.63885,6.364,4802.0,34182.0,-4.0,-12.9
1997-06-16 16:17:00-12:00,15.53331,-46.63874,6.363,4801.0,34179.0,-6.0,-12.9
1997-06-16 16:18:00-12:00,15.53213,-46.63871,6.364,4802.0,34177.0,-7.0,-13.2
1997-06-16 16:19:00-12:00,15.53091,-46.63862,6.357,4797.0,34174.0,-9.0,-13.4
1997-06-16 16:20:00-12:00,15.55166,-46.64037,6.36,4799.0,34207.0,13.0,-11.2
1997-06-16 16:21:00-12:00,15.52849,-46.63854,6.34,4784.0,34170.0,-12.0,-13.6
1997-06-16 16:22:00-12:00,15.52727,-46.63849,6.325,4772.0,34167.0,-14.0,-14.1
1997-06-16 16:23:00-12:00,15.526,-46.63856,6.324,4771.0,34165.0,-15.0,-13.7
1997-06-16 16:24:00-12:00,15.52476,-46.6387,6.306,4758.0,34163.0,-17.0,-13.7
1997-06-16 16:25:00-12:00,15.52351,-46.6388,6.286,4741.0,34161.0,-19.0,-14.0
1997-06-16 16:26:00-12:00,15.5223,-46.6389,6.256,4719.0,34159.0,-20.0,-14.4
1997-06-16 16:28:00-12:00,15.51991,-46.63873,6.216,4688.0,34155.0,-23.0,-15.1
1997-06-16 16:29:00-12:00,15.51873,-46.63856,6.156,4642.0,34153.0,-24.0,-15.0
1997-06-16 16:30:00-12:00,15.51751,-46.63837,6.146,4635.0,34151.0,-25.0,-14.6
1997-06-16 16:31:00-12:00,15.5163,-46.63822,6.141,4631.0,34149.0,-27.0,-14.4
1997-06-16 16:32:00-12:00,15.51508,-46.63811,6.137,4628.0,34147.0,-28.0,-14.4
1997-06-16 16:33:00-12:00,15.51386,-46.63802,6.126,4619.0,34145.0,-30.0,-14.5
1997-06-16 16:34:00-12:00,15.51264,-46.63793,6.088,4590.0,34143.0,-31.0,-14.9
1997-06-16 16:35:00-12:00,15.51145,-46.63783,6.077,4582.0,34140.0,-33.0,-15.3
1997-06-16 16:36:00-12:00,15.51023,-46.63778,6.084,4587.0,34138.0,-35.0,-14.8
1997-06-16 16:37:00-12:00,15.509,-46.63781,6.073,4579.0,34135.0,-37.0,-14.8
1997-06-16 16:38:00-12:00,15.50778,-46.63785,6.097,4597.0,34132.0,-39.0,-15.0
1997-06-16 16:39:00-12:00,15.50651,-46.63795,6.108,4605.0,34130.0,-41.0,-15.5
1997-06-16 16:40:00-12:00,15.54918,-46.64018,6.338,4783.0,34204.0,11.0,-10.7
1997-06-16 16:41:00-12:00,15.50394,-46.63818,6.137,4628.0,34124.0,-45.0,-16.6
1997-06-16 16:42:00-12:00,15.5027,-46.6383,6.154,4641.0,34121.0,-47.0,-16.6
1997-06-16 16:43:00-12:00,15.50141,-46.63838,6.188,4667.0,34118.0,-50.0,-16.1
1997-06-16 16:47:00-12:00,15.49653,-46.63792,6.278,4735.0,34104.0,-61.0,-17.5
1997-06-16 16:48:00-12:00,15.49527,-46.6377,6.284,4740.0,34101.0,-64.0,-17.4
1997-06-16 16:49:00-12:00,15.49405,-46.63749,6.285,4741.0,34100.0,-65.0,-17.5
1997-06-16 16:50:00-12:00,15.49279,-46.63729,6.296,4750.0,34098.0,-66.0,-17.9
1997-06-16 16:51:00-12:00,15.49156,-46.6371,6.295,4749.0,34096.0,-66.0,-17.6
1997-06-16 16:52:00-12:00,15.49032,-46.63692,6.302,4754.0,34095.0,-67.0,-17.7
1997-06-16 16:53:00-12:00,15.48912,-46.63679,6.312,4762.0,34093.0,-69.0,-17.6
1997-06-16 16:54:00-12:00,15.48788,-46.63669,6.265,4726.0,34091.0,-70.0,-18.0
1997-06-16 16:55:00-12:00,15.48664,-46.63663,6.212,4685.0,34089.0,-72.0,-18.2
1997-06-16 16:56:00-12:00,15.4854,-46.6366,6.213,4686.0,34086.0,-73.0,-18.7
1997-06-16 16:57:00-12:00,15.48413,-46.63652,6.225,4695.0,34084.0,-75.0,-19.2
1997-06-16 16:58:00-12:00,15.48289,-46.63643,6.24,4707.0,34082.0,-77.0,-19.4
1997-06-16 16:59:00-12:00,15.48165,-46.63632,6.349,4791.0,34080.0,-78.0,-20.1
1997-06-16 17:10:00-12:00,15.46836,-46.6354,6.42,4845.0,34059.0,-92.0,-21.9
1997-06-16 17:11:00-12:00,15.46715,-46.63549,6.418,4844.0,34057.0,-93.0,-22.0
1997-06-16 17:12:00-12:00,15.46599,-46.63555,6.409,4837.0,34055.0,-94.0,-23.3
1997-06-16 17:13:00-12:00,15.46481,-46.63555,6.401,4831.0,34053.0,-96.0,-24.6
1997-06-16 17:14:00-12:00,15.46362,-46.63547,6.373,4809.0,34050.0,-98.0,-24.9
1997-06-16 17:15:00-12:00,15.4624,-46.63539,6.413,4840.0,34048.0,-99.0,-25.1
1997-06-16 17:16:00-12:00,15.46119,-46.63536,6.434,4857.0,34046.0,-100.0,-24.8
1997-06-16 17:17:00-12:00,15.45997,-46.63538,6.434,4857.0,34044.0,-103.0,-24.3
1997-06-16 17:18:00-12:00,15.45876,-46.63543,6.441,4862.0,34041.0,-104.0,-25.0
1997-06-16 17:19:00-12:00,15.45751,-46.63542,6.456,4873.0,34039.0,-106.0,-25.9
1997-06-16 17:20:00-12:00,15.47799,-46.63609,6.437,4859.0,34077.0,-79.0,-19.8
1997-06-16 17:21:00-12:00,15.45508,-46.63529,6.474,4888.0,34035.0,-109.0,-27.1
1997-06-16 17:22:00-12:00,15.45387,-46.63521,6.478,4890.0,34033.0,-110.0,-27.4
1997-06-16 17:23:00-12:00,15.45269,-46.63516,6.505,4911.0,34031.0,-111.0,-27.7
1997-06-16 17:24:00-12:00,15.45151,-46.63511,6.509,4914.0,34030.0,-112.0,-28.7
1997-06-16 17:25:00-12:00,15.4503,-46.63501,6.506,4912.0,34029.0,-113.0,-28.4
1997-06-16 17:26:00-12:00,15.44909,-46.63495,6.5,4907.0,34028.0,-113.0,-28.7
1997-06-16 17:27:00-12:00,15.44788,-46.63488,6.491,4900.0,34027.0,-113.0,-28.9
1997-06-16 17:28:00-12:00,15.44667,-46.63482,6.474,4888.0,34026.0,-114.0,-29.2
1997-06-16 17:29:00-12:00,15.44552,-46.63473,6.448,4867.0,34025.0,-114.0,-29.4
1997-06-16 17:30:00-12:00,15.47678,-46.63603,6.433,4856.0,34074.0,-81.0,-21.0
1997-06-16 17:31:00-12:00,15.4432,-46.63449,6.505,4911.0,34022.0,-115.0,-30.1
1997-06-16 17:32:00-12:00,15.44205,-46.6344,6.584,4972.0,34021.0,-116.0,-29.6
1997-06-16 17:33:00-12:00,15.44086,-46.63441,6.614,4995.0,34020.0,-116.0,-29.8
1997-06-16 17:34:00-12:00,15.43963,-46.63437,6.657,5029.0,34019.0,-117.0,-30.3
1997-06-16 17:35:00-12:00,15.43839,-46.63429,6.705,5066.0,34019.0,-116.0,-31.3
1997-06-16 17:36:00-12:00,15.43719,-46.63415,6.717,5075.0,34018.0,-116.0,-31.5
1997-06-16 17:37:00-12:00,15.43601,-46.63402,6.75,5100.0,34018.0,-116.0,-31.7
1997-06-16 17:38:00-12:00,15.43481,-46.63393,6.785,5128.0,34018.0,-115.0,-31.5
1997-06-16 17:39:00-12:00,15.4336,-46.63387,6.777,5121.0,34018.0,-115.0,-31.5
1997-06-16 17:40:00-12:00,15.47556,-46.63597,6.426,4851.0,34072.0,-82.0,-21.6
1997-06-16 17:41:00-12:00,15.43112,-46.63379,6.806,5143.0,34017.0,-115.0,-33.2
1997-06-16 17:42:00-12:00,15.42992,-46.6337,6.811,5147.0,34017.0,-114.0,-33.7
1997-06-16 17:43:00-12:00,15.42866,-46.63354,6.835,5166.0,34017.0,-113.0,-33.3
1997-06-16 17:44:00-12:00,15.42745,-46.63341,6.835,5166.0,34019.0,-111.0,-33.0
1997-06-16 17:45:00-12:00,15.42621,-46.63335,6.839,5169.0,34019.0,-110.0,-32.5
1997-06-16 17:46:00-12:00,15.425,-46.6333,6.875,5197.0,34020.0,-109.0,-32.9
1997-06-16 17:47:00-12:00,15.42376,-46.63327,6.893,5211.0,34019.0,-108.0,-33.5
1997-06-16 17:48:00-12:00,15.42253,-46.63326,6.907,5221.0,34019.0,-108.0,-33.8
1997-06-16 17:49:00-12:00,15.42129,-46.63329,6.895,5212.0,34019.0,-107.0,-33.8
1997-06-16 17:50:00-12:00,15.42008,-46.63328,6.882,5203.0,34020.0,-106.0,-34.7
1997-06-16 17:51:00-12:00,15.41884,-46.6332,6.893,5211.0,34021.0,-104.0,-35.4
1997-06-16 17:52:00-12:00,15.4176,-46.63312,6.883,5203.0,34021.0,-103.0,-35.6
1997-06-16 17:53:00-12:00,15.41636,-46.63306,6.818,5153.0,34022.0,-101.0,-34.8
1997-06-16 17:54:00-12:00,15.4151,-46.63307,6.767,5113.0,34024.0,-99.0,-34.1
1997-06-16 17:55:00-12:00,15.41386,-46.63309,6.749,5100.0,34025.0,-98.0,-34.7
1997-06-16 17:56:00-12:00,15.41265,-46.63305,6.815,5150.0,34026.0,-96.0,-35.6
1997-06-16 17:57:00-12:00,15.41144,-46.63292,6.837,5168.0,34028.0,-93.0,-35.9
1997-06-16 17:58:00-12:00,15.41021,-46.6328,6.895,5212.0,34031.0,-90.0,-35.3
1997-06-16 17:59:00-12:00,15.409,-46.63272,6.933,5242.0,34034.0,-86.0,-35.2
1997-06-16 18:10:00-12:00,15.39508,-46.63305,6.883,5203.0,34079.0,-33.0,-36.6
1997-06-16 18:11:00-12:00,15.39376,-46.63318,6.889,5208.0,34086.0,-26.0,-36.7
1997-06-16 18:12:00-12:00,15.39246,-46.63334,6.927,5237.0,34092.0,-19.0,-35.8
1997-06-16 18:13:00-12:00,15.39117,-46.63351,6.915,5228.0,34099.0,-12.0,-36.3
1997-06-16 18:14:00-12:00,15.38988,-46.63363,6.857,5183.0,34106.0,-4.0,-36.5
1997-06-16 18:15:00-12:00,15.38861,-46.63375,6.704,5065.0,34114.0,5.0,-36.6
1997-06-16 18:20:00-12:00,15.38252,-46.63314,6.676,5043.0,34153.0,46.0,-36.2
1997-06-16 18:21:00-12:00,15.38134,-46.63288,6.698,5061.0,34161.0,55.0,-35.8
1997-06-16 18:22:00-12:00,15.38019,-46.63261,6.702,5063.0,34168.0,63.0,-35.8
1997-06-16 18:23:00-12:00,15.37908,-46.63235,6.695,5058.0,34176.0,72.0,-35.7
1997-06-16 18:24:00-12:00,15.37795,-46.63207,6.71,5069.0,34184.0,81.0,-35.5
1997-06-16 18:25:00-12:00,15.37684,-46.63183,6.713,5072.0,34192.0,89.0,-35.2
1997-06-16 18:26:00-12:00,15.37573,-46.63158,6.71,5069.0,34200.0,98.0,-35.6
1997-06-16 18:27:00-12:00,15.37459,-46.63136,6.704,5065.0,34208.0,106.0,-35.0
1997-06-16 18:28:00-12:00,15.37337,-46.63122,6.686,5050.0,34217.0,116.0,-33.6
1997-06-16 18:30:00-12:00,15.3709,-46.63117,6.751,5101.0,34232.0,132.0,-32.7
1997-06-16 18:31:00-12:00,15.36967,-46.63121,6.774,5118.0,34239.0,139.0,-32.9
1997-06-16 18:32:00-12:00,15.36842,-46.6312,6.741,5094.0,34246.0,147.0,-33.3
1997-06-16 18:33:00-12:00,15.36722,-46.63115,6.695,5058.0,34254.0,156.0,-33.5
1997-06-16 18:34:00-12:00,15.36603,-46.63111,6.694,5057.0,34261.0,163.0,-32.4
1997-06-16 18:35:00-12:00,15.3648,-46.63109,6.684,5049.0,34268.0,171.0,-31.1
1997-06-16 18:36:00-12:00,15.36357,-46.63114,6.612,4994.0,34274.0,178.0,-30.8
1997-06-16 18:37:00-12:00,15.36235,-46.6312,6.613,4995.0,34282.0,186.0,-30.5
1997-06-16 18:38:00-12:00,15.36115,-46.63127,6.645,5020.0,34289.0,194.0,-30.9
1997-06-16 18:39:00-12:00,15.35995,-46.63128,6.713,5072.0,34295.0,201.0,-30.5
1997-06-16 18:40:00-12:00,15.35873,-46.6313,6.773,5118.0,34300.0,207.0,-30.3
1997-06-16 18:41:00-12:00,15.35753,-46.63134,6.784,5127.0,34306.0,213.0,-29.6
1997-06-16 18:42:00-12:00,15.3563,-46.6314,6.783,5126.0,34312.0,220.0,-29.3
1997-06-16 18:43:00-12:00,15.35509,-46.63144,6.777,5121.0,34317.0,225.0,-28.9
1997-06-16 18:44:00-12:00,15.35393,-46.63149,6.769,5115.0,34322.0,230.0,-28.2
1997-06-16 18:45:00-12:00,15.35277,-46.63152,6.766,5112.0,34326.0,236.0,-27.3
1997-06-16 18:46:00-12:00,15.35158,-46.63152,6.655,5027.0,34331.0,241.0,-26.7
1997-06-16 18:47:00-12:00,15.35039,-46.63153,6.582,4970.0,34335.0,246.0,-26.2
1997-06-16 18:48:00-12:00,15.34921,-46.63158,6.565,4958.0,34337.0,248.0,-25.6
1997-06-16 18:49:00-12:00,15.34802,-46.63162,6.517,4921.0,34339.0,250.0,-25.0
1997-06-16 18:50:00-12:00,15.40144,-46.63226,6.93,5240.0,34056.0,-59.0,-35.3
1997-06-16 18:51:00-12:00,15.34567,-46.63162,6.377,4812.0,34341.0,254.0,-23.9
1997-06-16 18:52:00-12:00,15.34452,-46.63159,6.281,4738.0,34343.0,256.0,-23.4
1997-06-16 18:53:00-12:00,15.34333,-46.63154,6.276,4734.0,34343.0,257.0,-22.4
1997-06-16 18:54:00-12:00,15.34217,-46.63151,6.308,4759.0,34344.0,258.0,-21.6
1997-06-16 18:55:00-12:00,15.34099,-46.63151,6.253,4717.0,34344.0,259.0,-20.6
1997-06-16 18:56:00-12:00,15.3398,-46.63159,6.256,4719.0,34343.0,259.0,-20.1
1997-06-16 18:57:00-12:00,15.33864,-46.63164,6.256,4719.0,34342.0,259.0,-19.5
1997-06-16 18:58:00-12:00,15.33748,-46.63173,6.218,4690.0,34341.0,258.0,-19.1
1997-06-16 18:59:00-12:00,15.33632,-46.63177,6.193,4671.0,34340.0,258.0,-18.0
1997-06-16 19:10:00-12:00,15.32397,-46.63193,5.917,4459.0,34316.0,240.0,-9.2
1997-06-16 19:11:00-12:00,15.3229,-46.63184,5.914,4457.0,34313.0,237.0,-8.1
1997-06-16 19:12:00-12:00,15.32186,-46.63178,5.869,4422.0,34309.0,234.0,-6.7
1997-06-16 19:13:00-12:00,15.32079,-46.63165,5.769,4345.0,34305.0,231.0,-5.2
1997-06-16 19:14:00-12:00,15.31969,-46.63159,5.698,4290.0,34301.0,227.0,-4.1
1997-06-16 19:15:00-12:00,15.31861,-46.63156,5.688,4282.0,34297.0,224.0,-2.6
1997-06-16 19:16:00-12:00,15.31748,-46.63156,5.741,4323.0,34293.0,220.0,-1.8
1997-06-16 19:17:00-12:00,15.31635,-46.63156,5.752,4331.0,34289.0,217.0,-1.0
1997-06-16 19:18:00-12:00,15.31518,-46.63162,5.829,4391.0,34285.0,214.0,0.2
1997-06-16 19:19:00-12:00,15.31405,-46.63176,5.834,4395.0,34281.0,210.0,1.4
1997-06-16 19:20:00-12:00,15.31289,-46.63188,5.833,4394.0,34277.0,207.0,1.5
1997-06-16 19:21:00-12:00,15.31176,-46.6319,5.834,4395.0,34273.0,204.0,1.3
1997-06-16 19:22:00-12:00,15.31063,-46.63181,5.833,4394.0,34270.0,201.0,2.4
1997-06-16 19:23:00-12:00,15.30947,-46.6317,5.832,4393.0,34267.0,198.0,3.8
1997-06-16 19:24:00-12:00,15.30831,-46.63156,5.832,4393.0,34262.0,194.0,4.9
1997-06-16 19:25:00-12:00,15.30715,-46.63147,5.83,4391.0,34258.0,190.0,6.1
1997-06-16 19:26:00-12:00,15.30599,-46.63138,5.83,4391.0,34252.0,186.0,7.5
1997-06-16 19:27:00-12:00,15.30485,-46.63137,5.817,4382.0,34247.0,181.0,8.3
1997-06-16 19:28:00-12:00,15.30374,-46.63131,5.764,4341.0,34242.0,176.0,8.9
1997-06-16 19:29:00-12:00,15.30263,-46.63127,5.702,4293.0,34237.0,172.0,9.8
1997-06-16 19:30:00-12:00,15.30152,-46.63123,5.667,4266.0,34232.0,168.0,11.5
1997-06-16 19:40:00-12:00,15.33069,-46.63191,6.074,4580.0,34332.0,253.0,-14.3
1997-06-16 19:41:00-12:00,15.29583,-46.62367,5.382,4048.0,34182.0,122.0,16.4
1997-06-16 19:50:00-12:00,15.32959,-46.63189,6.005,4526.0,34330.0,251.0,-13.1
