,LAT,LON,BAT_TTIME,CORR_DEPTH,MAG_TOT,MAG_RES,FREEAIR,TIME
2001-03-28 04:14:00-12:00,30.25328,-42.04636,2.956,2222.0,41014.0,-176.0,44.2,0 days 00:00:00
2001-03-28 04:17:00-12:00,30.24955,-42.04728,2.944,2213.0,41085.0,-103.0,45.0,0 days 00:03:00
2001-03-28 04:19:00-12:00,30.24705,-42.04791,2.95,2217.0,41035.0,-152.0,45.0,0 days 00:05:00
2001-03-28 04:21:00-12:00,30.24461,-42.04852,3.068,2306.0,41049.0,-137.0,45.8,0 days 00:07:00
2001-03-28 04:25:00-12:00,30.23967,-42.04953,2.964,2228.0,41102.0,-81.0,45.5,0 days 00:11:00
2001-03-28 04:45:00-12:00,30.2151,-42.05534,3.108,2336.0,41062.0,-108.0,52.5,0 days 00:31:00
2001-03-28 04:47:00-12:00,30.21255,-42.05594,3.072,2309.0,41060.0,-109.0,51.1,0 days 00:33:00
2001-03-28 04:52:00-12:00,30.20646,-42.05738,3.324,2499.0,41153.0,-13.0,52.3,0 days 00:38:00
2001-03-28 04:55:00-12:00,30.2028,-42.05822,3.332,2505.0,41201.0,38.0,52.1,0 days 00:41:00
2001-03-28 04:58:00-12:00,30.19929,-42.05907,3.301,2482.0,41184.0,22.0,53.7,0 days 00:44:00
2001-03-28 05:12:00-12:00,30.18303,-42.06273,3.588,2697.0,41096.0,-58.0,56.1,0 days 00:58:00
2001-03-28 05:17:00-12:00,30.17703,-42.0641,3.49,2624.0,41113.0,-38.0,59.2,0 days 01:03:00
2001-03-28 05:20:00-12:00,30.17336,-42.06487,3.541,2662.0,41089.0,-59.0,59.7,0 days 01:06:00
2001-03-28 05:30:00-12:00,30.16117,-42.06776,3.488,2622.0,41084.0,-58.0,67.1,0 days 01:16:00
2001-03-28 05:32:00-12:00,30.15872,-42.06836,3.371,2534.0,41093.0,-48.0,67.3,0 days 01:18:00
2001-03-28 06:10:00-12:00,30.12321,-42.07666,1.82,1370.0,40926.0,-196.0,90.9,0 days 01:56:00
2001-03-28 06:11:00-12:00,30.11071,-42.0796,1.992,1499.0,40923.0,-193.0,83.6,0 days 01:57:00
2001-03-28 06:12:00-12:00,30.10951,-42.07993,1.991,1498.0,40902.0,-213.0,84.0,0 days 01:58:00
2001-03-28 06:20:00-12:00,30.09984,-42.08245,2.179,1639.0,40708.0,-403.0,71.3,0 days 02:06:00
2001-03-28 06:33:00-12:00,30.08377,-42.0862,3.098,2329.0,40768.0,-334.0,40.2,0 days 02:19:00
2001-03-28 06:34:00-12:00,30.08254,-42.08647,3.209,2412.0,40778.0,-323.0,39.5,0 days 02:20:00
2001-03-28 06:36:00-12:00,30.08008,-42.08703,3.47,2608.0,40777.0,-323.0,34.1,0 days 02:22:00
2001-03-28 06:38:00-12:00,30.07761,-42.08761,3.684,2770.0,40754.0,-344.0,29.0,0 days 02:24:00
2001-03-28 06:41:00-12:00,30.07395,-42.0884,4.001,3009.0,40792.0,-305.0,23.1,0 days 02:27:00
2001-03-28 06:42:00-12:00,30.07277,-42.08874,4.082,3071.0,40798.0,-298.0,22.5,0 days 02:28:00
2001-03-28 06:44:00-12:00,30.07041,-42.08943,4.209,3167.0,40764.0,-331.0,18.0,0 days 02:30:00
2001-03-28 06:45:00-12:00,30.06925,-42.08972,4.273,3215.0,40772.0,-322.0,13.9,0 days 02:31:00
2001-03-28 06:46:00-12:00,30.06813,-42.08995,4.314,3246.0,40786.0,-308.0,13.3,0 days 02:32:00
2001-03-28 06:47:00-12:00,30.06702,-42.09019,4.338,3265.0,40780.0,-313.0,10.4,0 days 02:33:00
2001-03-28 06:49:00-12:00,30.06472,-42.09038,4.339,3265.0,40852.0,-240.0,6.6,0 days 02:35:00
2001-03-28 06:52:00-12:00,30.061,-42.09133,4.649,3500.0,40872.0,-218.0,4.0,0 days 02:38:00
2001-03-28 06:57:00-12:00,30.05457,-42.09362,5.016,3779.0,40902.0,-185.0,-3.1,0 days 02:43:00
2001-03-28 06:58:00-12:00,30.05344,-42.09438,5.029,3789.0,40909.0,-177.0,-4.4,0 days 02:44:00
2001-03-28 06:59:00-12:00,30.05234,-42.09521,5.058,3812.0,40912.0,-174.0,-5.1,0 days 02:45:00
2001-03-28 07:00:00-12:00,30.05125,-42.09613,5.097,3841.0,40929.0,-156.0,-6.8,0 days 02:46:00
2001-03-28 07:12:00-12:00,30.04619,-42.11223,5.405,4076.0,40962.0,-123.0,-8.5,0 days 02:58:00
2001-03-28 07:14:00-12:00,30.04685,-42.11512,5.368,4048.0,40990.0,-95.0,-8.4,0 days 03:00:00
2001-03-28 07:15:00-12:00,30.04727,-42.11653,5.32,4011.0,41011.0,-75.0,-7.4,0 days 03:01:00
2001-03-28 07:16:00-12:00,30.04769,-42.11795,5.289,3988.0,41004.0,-83.0,-5.6,0 days 03:02:00
2001-03-28 07:17:00-12:00,30.0481,-42.11938,5.272,3975.0,41005.0,-82.0,-5.2,0 days 03:03:00
2001-03-28 07:18:00-12:00,30.04851,-42.12078,5.285,3985.0,41007.0,-81.0,-5.9,0 days 03:04:00
2001-03-28 07:19:00-12:00,30.04894,-42.1222,5.285,3985.0,41004.0,-83.0,-3.3,0 days 03:05:00
2001-03-28 07:20:00-12:00,30.04936,-42.12361,5.302,3997.0,41000.0,-88.0,-5.8,0 days 03:06:00
2001-03-28 07:22:00-12:00,30.05014,-42.12634,5.304,3999.0,40992.0,-97.0,-3.0,0 days 03:08:00
2001-03-28 07:23:00-12:00,30.05053,-42.1277,5.304,3999.0,40994.0,-95.0,-3.1,0 days 03:09:00
2001-03-28 07:25:00-12:00,30.05132,-42.13044,5.286,3985.0,40989.0,-101.0,-1.3,0 days 03:11:00
2001-03-28 07:26:00-12:00,30.05172,-42.13179,5.274,3977.0,40986.0,-105.0,-0.7,0 days 03:12:00
2001-03-28 07:27:00-12:00,30.05212,-42.13314,5.268,3972.0,40986.0,-105.0,1.1,0 days 03:13:00
2001-03-28 07:28:00-12:00,30.05249,-42.13449,5.258,3964.0,41003.0,-89.0,-0.2,0 days 03:14:00
2001-03-28 07:29:00-12:00,30.05288,-42.13586,5.2,3920.0,40987.0,-105.0,0.7,0 days 03:15:00
2001-03-28 07:30:00-12:00,30.05326,-42.13722,5.192,3914.0,40971.0,-122.0,2.4,0 days 03:16:00
2001-03-28 07:32:00-12:00,30.05404,-42.13992,5.214,3930.0,40977.0,-116.0,3.6,0 days 03:18:00
2001-03-28 07:34:00-12:00,30.05507,-42.14261,5.246,3954.0,40973.0,-121.0,4.9,0 days 03:20:00
2001-03-28 07:35:00-12:00,30.05575,-42.1439,5.213,3930.0,40978.0,-117.0,4.9,0 days 03:21:00
2001-03-28 07:36:00-12:00,30.05651,-42.14511,5.177,3903.0,40974.0,-122.0,5.1,0 days 03:22:00
2001-03-28 07:37:00-12:00,30.05732,-42.1462,5.156,3886.0,40989.0,-107.0,5.4,0 days 03:23:00
2001-03-28 07:38:00-12:00,30.05823,-42.14725,5.124,3862.0,40996.0,-101.0,7.6,0 days 03:24:00
2001-03-28 07:39:00-12:00,30.05921,-42.14817,5.072,3822.0,40994.0,-104.0,7.1,0 days 03:25:00
2001-03-28 07:40:00-12:00,30.06026,-42.14901,5.048,3804.0,40993.0,-105.0,9.5,0 days 03:26:00
2001-03-28 07:41:00-12:00,30.06135,-42.14975,4.978,3751.0,40998.0,-101.0,10.7,0 days 03:27:00
2001-03-28 07:42:00-12:00,30.06251,-42.15038,4.898,3690.0,41002.0,-98.0,12.4,0 days 03:28:00
2001-03-28 07:43:00-12:00,30.06369,-42.15091,4.825,3634.0,41000.0,-100.0,12.5,0 days 03:29:00
2001-03-28 07:44:00-12:00,30.06489,-42.15131,4.744,3572.0,41009.0,-92.0,16.5,0 days 03:30:00
2001-03-28 07:45:00-12:00,30.06611,-42.1516,4.68,3523.0,41021.0,-81.0,19.5,0 days 03:31:00
2001-03-28 07:46:00-12:00,30.06732,-42.15173,4.604,3466.0,41020.0,-82.0,18.2,0 days 03:32:00
2001-03-28 07:48:00-12:00,30.06983,-42.15153,4.462,3357.0,41022.0,-81.0,22.4,0 days 03:34:00
2001-03-28 07:49:00-12:00,30.07108,-42.15128,4.399,3310.0,41019.0,-85.0,24.6,0 days 03:35:00
2001-03-28 07:50:00-12:00,30.07233,-42.151,4.333,3260.0,41018.0,-87.0,26.1,0 days 03:36:00
2001-03-28 07:52:00-12:00,30.07487,-42.15048,4.194,3155.0,41028.0,-78.0,32.1,0 days 03:38:00
2001-03-28 07:55:00-12:00,30.07865,-42.14964,3.98,2993.0,41041.0,-68.0,37.3,0 days 03:41:00
2001-03-28 07:56:00-12:00,30.0799,-42.14936,3.921,2948.0,41043.0,-66.0,40.4,0 days 03:42:00
2001-03-28 07:57:00-12:00,30.08114,-42.14907,3.857,2900.0,41053.0,-57.0,41.3,0 days 03:43:00
2001-03-28 07:59:00-12:00,30.08367,-42.1485,3.769,2834.0,41062.0,-49.0,46.8,0 days 03:45:00
2001-03-28 08:00:00-12:00,30.08494,-42.14821,3.721,2798.0,41071.0,-41.0,49.0,0 days 03:46:00
2001-03-28 08:10:00-12:00,30.09767,-42.14599,3.025,2274.0,41052.0,-67.0,72.5,0 days 03:56:00
2001-03-28 08:11:00-12:00,30.09893,-42.14583,2.986,2245.0,41052.0,-67.0,74.5,0 days 03:57:00
2001-03-28 08:13:00-12:00,30.10144,-42.14537,2.829,2127.0,41057.0,-64.0,78.9,0 days 03:59:00
2001-03-28 08:14:00-12:00,30.10272,-42.14514,2.774,2085.0,41049.0,-72.0,82.1,0 days 04:00:00
2001-03-28 08:15:00-12:00,30.104,-42.14491,2.692,2024.0,41043.0,-78.0,84.4,0 days 04:01:00
2001-03-28 08:16:00-12:00,30.10529,-42.14465,2.612,1964.0,41039.0,-84.0,86.5,0 days 04:02:00
2001-03-28 08:17:00-12:00,30.10656,-42.1444,2.511,1888.0,41033.0,-90.0,87.6,0 days 04:03:00
2001-03-28 08:19:00-12:00,30.10908,-42.14387,2.343,1762.0,41006.0,-119.0,93.3,0 days 04:05:00
2001-03-28 08:20:00-12:00,30.11032,-42.14361,2.253,1695.0,40992.0,-133.0,95.5,0 days 04:06:00
2001-03-28 08:21:00-12:00,30.1116,-42.14342,2.184,1643.0,40975.0,-150.0,97.3,0 days 04:07:00
2001-03-28 08:22:00-12:00,30.11285,-42.14319,2.145,1614.0,40964.0,-163.0,100.2,0 days 04:08:00
2001-03-28 08:26:00-12:00,30.11789,-42.1423,1.996,1502.0,40911.0,-218.0,109.2,0 days 04:12:00
2001-03-28 08:27:00-12:00,30.11914,-42.14209,1.868,1406.0,40911.0,-219.0,112.8,0 days 04:13:00
2001-03-28 08:28:00-12:00,30.12039,-42.14184,1.776,1338.0,40908.0,-223.0,112.1,0 days 04:14:00
2001-03-28 08:29:00-12:00,30.12166,-42.14164,1.608,1212.0,40900.0,-231.0,115.2,0 days 04:15:00
2001-03-28 08:30:00-12:00,30.12295,-42.14143,1.589,1198.0,40909.0,-223.0,116.7,0 days 04:16:00
2001-03-28 08:31:00-12:00,30.12418,-42.14122,1.573,1186.0,40901.0,-232.0,119.1,0 days 04:17:00
2001-03-28 08:32:00-12:00,30.12543,-42.14098,1.551,1169.0,40898.0,-235.0,119.3,0 days 04:18:00
2001-03-28 08:33:00-12:00,30.12667,-42.14075,1.524,1149.0,40901.0,-232.0,120.4,0 days 04:19:00
2001-03-28 08:34:00-12:00,30.12794,-42.14054,1.501,1132.0,40911.0,-223.0,122.6,0 days 04:20:00
2001-03-28 08:36:00-12:00,30.13045,-42.14007,1.527,1151.0,40928.0,-207.0,123.4,0 days 04:22:00
2001-03-28 08:38:00-12:00,30.13293,-42.13959,1.551,1169.0,40942.0,-196.0,125.6,0 days 04:24:00
2001-03-28 08:39:00-12:00,30.13416,-42.13938,1.559,1175.0,40945.0,-192.0,125.8,0 days 04:25:00
2001-03-28 08:40:00-12:00,30.13538,-42.13915,1.56,1176.0,40957.0,-181.0,127.4,0 days 04:26:00
2001-03-28 08:41:00-12:00,30.13662,-42.13894,1.561,1177.0,40965.0,-174.0,128.4,0 days 04:27:00
2001-03-28 08:42:00-12:00,30.13789,-42.1387,1.58,1191.0,40978.0,-162.0,127.5,0 days 04:28:00
2001-03-28 08:43:00-12:00,30.13915,-42.1385,1.569,1183.0,40976.0,-164.0,128.1,0 days 04:29:00
2001-03-28 08:44:00-12:00,30.14041,-42.13825,1.555,1172.0,40987.0,-154.0,128.8,0 days 04:30:00
2001-03-28 08:45:00-12:00,30.14167,-42.13804,1.535,1157.0,41004.0,-138.0,127.7,0 days 04:31:00
2001-03-28 08:46:00-12:00,30.14294,-42.13784,1.491,1124.0,41003.0,-139.0,127.7,0 days 04:32:00
2001-03-28 08:47:00-12:00,30.14419,-42.1376,1.481,1117.0,41007.0,-136.0,124.5,0 days 04:33:00
2001-03-28 08:48:00-12:00,30.14543,-42.13738,1.505,1135.0,41011.0,-132.0,127.9,0 days 04:34:00
2001-03-28 08:49:00-12:00,30.14668,-42.13714,1.561,1177.0,41036.0,-108.0,126.5,0 days 04:35:00
2001-03-28 08:50:00-12:00,30.14794,-42.13691,1.612,1215.0,41030.0,-115.0,124.6,0 days 04:36:00
2001-03-28 08:51:00-12:00,30.14921,-42.13668,1.629,1228.0,41033.0,-113.0,125.4,0 days 04:37:00
2001-03-28 08:52:00-12:00,30.15049,-42.13642,1.669,1258.0,41030.0,-116.0,125.3,0 days 04:38:00
2001-03-28 08:53:00-12:00,30.15179,-42.13619,1.708,1287.0,41036.0,-111.0,123.7,0 days 04:39:00
2001-03-28 08:54:00-12:00,30.15308,-42.13598,1.839,1384.0,41025.0,-123.0,120.9,0 days 04:40:00
2001-03-28 08:55:00-12:00,30.15436,-42.13573,1.893,1425.0,41022.0,-126.0,120.7,0 days 04:41:00
2001-03-28 08:56:00-12:00,30.15566,-42.1355,1.903,1432.0,41020.0,-129.0,121.4,0 days 04:42:00
2001-03-28 08:57:00-12:00,30.15696,-42.13528,1.929,1452.0,41011.0,-138.0,119.7,0 days 04:43:00
2001-03-28 08:58:00-12:00,30.15824,-42.13506,1.965,1479.0,41012.0,-138.0,119.8,0 days 04:44:00
2001-03-28 08:59:00-12:00,30.15953,-42.13486,2.002,1507.0,41013.0,-138.0,118.3,0 days 04:45:00
2001-03-28 09:00:00-12:00,30.16082,-42.13462,2.017,1518.0,40994.0,-158.0,117.4,0 days 04:46:00
2001-03-28 09:20:00-12:00,30.16338,-42.13417,2.035,1531.0,41003.0,-150.0,116.1,0 days 05:06:00
2001-03-28 09:10:00-12:00,30.17357,-42.13242,2.244,1688.0,40996.0,-163.0,109.4,0 days 04:56:00
2001-03-28 09:11:00-12:00,30.17488,-42.13219,2.296,1727.0,40990.0,-170.0,108.4,0 days 04:57:00
2001-03-28 09:12:00-12:00,30.17616,-42.132,2.383,1792.0,40985.0,-175.0,107.4,0 days 04:58:00
2001-03-28 09:13:00-12:00,30.17742,-42.13185,2.412,1814.0,40991.0,-170.0,107.9,0 days 04:59:00
2001-03-28 09:14:00-12:00,30.17868,-42.13164,2.435,1831.0,40988.0,-173.0,106.6,0 days 05:00:00
2001-03-28 09:16:00-12:00,30.1812,-42.13117,2.435,1831.0,40979.0,-184.0,105.2,0 days 05:02:00
2001-03-28 09:17:00-12:00,30.18245,-42.13092,2.414,1815.0,40978.0,-186.0,102.8,0 days 05:03:00
2001-03-28 09:18:00-12:00,30.18368,-42.13069,2.389,1797.0,40980.0,-184.0,103.4,0 days 05:04:00
2001-03-28 09:19:00-12:00,30.18491,-42.13045,2.363,1777.0,40982.0,-183.0,101.9,0 days 05:05:00
2001-03-28 09:21:00-12:00,30.18742,-42.12994,2.316,1742.0,40981.0,-185.0,101.0,0 days 05:07:00
2001-03-28 09:22:00-12:00,30.18868,-42.1297,2.335,1756.0,40967.0,-200.0,100.7,0 days 05:08:00
2001-03-28 09:23:00-12:00,30.18994,-42.12949,2.371,1783.0,40976.0,-191.0,99.7,0 days 05:09:00
2001-03-28 09:24:00-12:00,30.19118,-42.12925,2.383,1792.0,40967.0,-201.0,98.6,0 days 05:10:00
2001-03-28 09:25:00-12:00,30.19244,-42.129,2.419,1819.0,40961.0,-207.0,96.6,0 days 05:11:00
2001-03-28 09:28:00-12:00,30.19618,-42.12826,2.486,1869.0,40952.0,-219.0,94.9,0 days 05:14:00
2001-03-28 09:29:00-12:00,30.19745,-42.12799,2.513,1890.0,40954.0,-218.0,94.2,0 days 05:15:00
2001-03-28 09:30:00-12:00,30.19871,-42.12774,2.549,1917.0,40950.0,-221.0,94.0,0 days 05:16:00
2001-03-28 09:31:00-12:00,30.2,-42.12752,2.565,1929.0,40945.0,-227.0,93.8,0 days 05:17:00
2001-03-28 09:32:00-12:00,30.20128,-42.12728,2.58,1940.0,40948.0,-225.0,93.7,0 days 05:18:00
2001-03-28 09:33:00-12:00,30.20254,-42.12707,2.594,1951.0,40955.0,-219.0,91.6,0 days 05:19:00
2001-03-28 09:34:00-12:00,30.20379,-42.12688,2.644,1988.0,40953.0,-222.0,92.3,0 days 05:20:00
2001-03-28 09:35:00-12:00,30.20503,-42.12667,2.693,2025.0,40939.0,-236.0,89.9,0 days 05:21:00
2001-03-28 09:36:00-12:00,30.20627,-42.12642,2.735,2056.0,40937.0,-239.0,88.8,0 days 05:22:00
2001-03-28 09:37:00-12:00,30.20756,-42.12621,2.782,2091.0,40925.0,-251.0,87.6,0 days 05:23:00
2001-03-28 09:38:00-12:00,30.20883,-42.12597,2.778,2089.0,40930.0,-247.0,86.2,0 days 05:24:00
2001-03-28 09:39:00-12:00,30.21012,-42.12573,2.772,2084.0,40919.0,-259.0,85.9,0 days 05:25:00
2001-03-28 09:40:00-12:00,30.21141,-42.12552,2.78,2090.0,40915.0,-263.0,85.2,0 days 05:26:00
2001-03-28 09:42:00-12:00,30.21398,-42.12515,2.84,2135.0,40909.0,-271.0,83.8,0 days 05:28:00
2001-03-28 09:43:00-12:00,30.21526,-42.12495,2.842,2137.0,40904.0,-277.0,83.0,0 days 05:29:00
2001-03-28 09:44:00-12:00,30.21656,-42.1248,2.841,2136.0,40881.0,-300.0,83.4,0 days 05:30:00
2001-03-28 09:45:00-12:00,30.21787,-42.12459,2.858,2149.0,40880.0,-302.0,82.1,0 days 05:31:00
2001-03-28 09:46:00-12:00,30.21917,-42.12439,2.87,2157.0,40876.0,-307.0,80.1,0 days 05:32:00
2001-03-28 09:47:00-12:00,30.22044,-42.1242,2.881,2166.0,40874.0,-309.0,79.4,0 days 05:33:00
2001-03-28 09:48:00-12:00,30.22169,-42.12398,2.885,2169.0,40877.0,-307.0,80.7,0 days 05:34:00
2001-03-28 09:49:00-12:00,30.22291,-42.1238,2.897,2178.0,40876.0,-309.0,78.2,0 days 05:35:00
2001-03-28 09:50:00-12:00,30.22415,-42.12357,2.92,2195.0,40866.0,-319.0,77.3,0 days 05:36:00
2001-03-28 09:51:00-12:00,30.22543,-42.12326,2.922,2197.0,40867.0,-319.0,78.3,0 days 05:37:00
2001-03-28 09:52:00-12:00,30.2267,-42.12296,2.922,2197.0,40864.0,-323.0,77.2,0 days 05:38:00
2001-03-28 09:53:00-12:00,30.22797,-42.12271,2.89,2173.0,40850.0,-337.0,77.2,0 days 05:39:00
2001-03-28 09:54:00-12:00,30.22924,-42.12239,2.89,2173.0,40852.0,-336.0,76.2,0 days 05:40:00
2001-03-28 09:55:00-12:00,30.23052,-42.12215,2.898,2179.0,40848.0,-341.0,73.9,0 days 05:41:00
2001-03-28 09:56:00-12:00,30.23179,-42.12188,2.898,2179.0,40843.0,-346.0,75.3,0 days 05:42:00
2001-03-28 09:57:00-12:00,30.23303,-42.12167,2.904,2183.0,40846.0,-344.0,74.2,0 days 05:43:00
2001-03-28 09:58:00-12:00,30.2343,-42.12146,2.92,2195.0,40841.0,-349.0,74.1,0 days 05:44:00
2001-03-28 09:59:00-12:00,30.23557,-42.12126,2.949,2217.0,40836.0,-355.0,74.2,0 days 05:45:00
2001-03-28 10:50:00-12:00,30.24321,-42.11987,2.976,2237.0,40812.0,-383.0,69.5,0 days 06:36:00
2001-03-28 10:10:00-12:00,30.24957,-42.11878,3.042,2287.0,40802.0,-396.0,68.4,0 days 05:56:00
2001-03-28 10:11:00-12:00,30.25086,-42.11858,3.024,2273.0,40798.0,-402.0,68.4,0 days 05:57:00
2001-03-28 10:12:00-12:00,30.25214,-42.11832,2.976,2237.0,40793.0,-407.0,68.6,0 days 05:58:00
2001-03-28 10:13:00-12:00,30.25344,-42.11813,2.972,2234.0,40790.0,-410.0,68.4,0 days 05:59:00
2001-03-28 10:14:00-12:00,30.25472,-42.11784,2.989,2247.0,40780.0,-421.0,68.3,0 days 06:00:00
2001-03-28 10:15:00-12:00,30.25602,-42.11762,2.988,2246.0,40782.0,-420.0,68.2,0 days 06:01:00
2001-03-28 10:16:00-12:00,30.2573,-42.11741,3.002,2257.0,40787.0,-416.0,67.9,0 days 06:02:00
2001-03-28 10:17:00-12:00,30.25855,-42.11716,3.03,2277.0,40771.0,-433.0,66.1,0 days 06:03:00
2001-03-28 10:18:00-12:00,30.25984,-42.11695,3.03,2277.0,40776.0,-428.0,66.5,0 days 06:04:00
2001-03-28 10:19:00-12:00,30.26111,-42.11668,3.044,2288.0,40784.0,-421.0,66.1,0 days 06:05:00
2001-03-28 10:20:00-12:00,30.26237,-42.11648,3.04,2285.0,40776.0,-429.0,65.4,0 days 06:06:00
2001-03-28 10:21:00-12:00,30.26364,-42.11628,3.053,2295.0,40776.0,-430.0,64.9,0 days 06:07:00
2001-03-28 10:22:00-12:00,30.26488,-42.11604,3.077,2313.0,40788.0,-418.0,64.6,0 days 06:08:00
2001-03-28 10:23:00-12:00,30.26615,-42.11583,3.098,2329.0,40798.0,-410.0,65.0,0 days 06:09:00
2001-03-28 10:24:00-12:00,30.26741,-42.11556,3.11,2337.0,40800.0,-408.0,64.7,0 days 06:10:00
2001-03-28 10:25:00-12:00,30.26867,-42.11534,3.122,2347.0,40805.0,-403.0,64.3,0 days 06:11:00
2001-03-28 10:26:00-12:00,30.26994,-42.11511,3.173,2385.0,40811.0,-398.0,63.7,0 days 06:12:00
2001-03-28 10:27:00-12:00,30.27121,-42.1148,3.216,2417.0,40803.0,-407.0,63.1,0 days 06:13:00
2001-03-28 10:28:00-12:00,30.27249,-42.11456,3.253,2445.0,40822.0,-388.0,63.5,0 days 06:14:00
2001-03-28 10:29:00-12:00,30.27377,-42.11431,3.301,2482.0,40820.0,-392.0,63.3,0 days 06:15:00
2001-03-28 10:30:00-12:00,30.27504,-42.11411,3.31,2488.0,40824.0,-388.0,63.8,0 days 06:16:00
2001-03-28 10:31:00-12:00,30.27631,-42.11388,3.368,2532.0,40826.0,-387.0,62.5,0 days 06:17:00
2001-03-28 10:32:00-12:00,30.27758,-42.11363,3.372,2535.0,40824.0,-389.0,63.8,0 days 06:18:00
2001-03-28 10:33:00-12:00,30.27885,-42.11342,3.296,2478.0,40824.0,-390.0,63.6,0 days 06:19:00
2001-03-28 10:34:00-12:00,30.28013,-42.11322,3.353,2521.0,40826.0,-389.0,63.5,0 days 06:20:00
2001-03-28 10:35:00-12:00,30.28139,-42.11298,3.413,2566.0,40835.0,-380.0,63.6,0 days 06:21:00
2001-03-28 10:36:00-12:00,30.28263,-42.11274,3.393,2551.0,40841.0,-375.0,63.4,0 days 06:22:00
2001-03-28 10:38:00-12:00,30.2851,-42.11219,3.249,2442.0,40857.0,-361.0,63.0,0 days 06:24:00
2001-03-28 10:39:00-12:00,30.28632,-42.11182,3.232,2429.0,40857.0,-361.0,61.7,0 days 06:25:00
2001-03-28 10:40:00-12:00,30.28748,-42.11126,3.232,2429.0,40863.0,-355.0,61.4,0 days 06:26:00
2001-03-28 10:41:00-12:00,30.28854,-42.11055,3.221,2421.0,40866.0,-353.0,60.7,0 days 06:27:00
2001-03-28 10:42:00-12:00,30.28956,-42.10962,3.131,2353.0,40857.0,-362.0,58.5,0 days 06:28:00
2001-03-28 10:43:00-12:00,30.29045,-42.10851,3.13,2353.0,40850.0,-370.0,61.8,0 days 06:29:00
2001-03-28 10:46:00-12:00,30.29225,-42.10481,3.01,2263.0,40780.0,-440.0,62.0,0 days 06:32:00
2001-03-28 10:51:00-12:00,30.29387,-42.09817,2.637,1983.0,40796.0,-424.0,66.0,0 days 06:37:00
2001-03-28 10:53:00-12:00,30.2944,-42.09536,2.792,2099.0,40767.0,-453.0,63.9,0 days 06:39:00
2001-03-28 10:54:00-12:00,30.29462,-42.09392,2.837,2133.0,40772.0,-448.0,62.6,0 days 06:40:00
2001-03-28 10:55:00-12:00,30.29481,-42.09247,2.893,2175.0,40758.0,-461.0,64.1,0 days 06:41:00
2001-03-28 10:56:00-12:00,30.29499,-42.09101,2.909,2187.0,40770.0,-450.0,61.7,0 days 06:42:00
2001-03-28 10:57:00-12:00,30.29515,-42.08956,2.924,2198.0,40769.0,-451.0,63.7,0 days 06:43:00
2001-03-28 10:59:00-12:00,30.29546,-42.08671,2.96,2225.0,40774.0,-445.0,62.8,0 days 06:45:00
2001-03-28 11:10:00-12:00,30.29568,-42.08387,2.978,2239.0,40790.0,-429.0,62.8,0 days 06:56:00
2001-03-28 11:20:00-12:00,30.29584,-42.08249,3.074,2311.0,40803.0,-416.0,64.5,0 days 07:06:00
2001-03-28 11:12:00-12:00,30.29737,-42.06831,3.616,2718.0,40886.0,-332.0,56.6,0 days 06:58:00
2001-03-28 11:13:00-12:00,30.29752,-42.06683,3.593,2701.0,40900.0,-318.0,57.1,0 days 06:59:00
2001-03-28 11:14:00-12:00,30.2977,-42.06535,3.562,2678.0,40909.0,-308.0,54.3,0 days 07:00:00
2001-03-28 11:15:00-12:00,30.29788,-42.06382,3.57,2684.0,40908.0,-310.0,54.0,0 days 07:01:00
2001-03-28 11:16:00-12:00,30.29807,-42.0623,3.624,2724.0,40909.0,-308.0,55.1,0 days 07:02:00
2001-03-28 11:17:00-12:00,30.29825,-42.06076,3.635,2732.0,40900.0,-317.0,54.3,0 days 07:03:00
2001-03-28 11:19:00-12:00,30.29854,-42.05781,3.525,2650.0,40923.0,-294.0,53.9,0 days 07:05:00
2001-03-28 11:21:00-12:00,30.29882,-42.05515,3.528,2652.0,40964.0,-252.0,53.4,0 days 07:07:00
2001-03-28 11:24:00-12:00,30.2993,-42.05115,3.452,2595.0,40987.0,-230.0,50.2,0 days 07:10:00
2001-03-28 11:25:00-12:00,30.29946,-42.04979,3.395,2552.0,40990.0,-226.0,50.6,0 days 07:11:00
2001-03-28 11:26:00-12:00,30.29961,-42.04838,3.354,2522.0,40999.0,-217.0,47.5,0 days 07:12:00
2001-03-28 11:27:00-12:00,30.2998,-42.04695,3.321,2497.0,41025.0,-191.0,48.2,0 days 07:13:00
2001-03-28 11:29:00-12:00,30.30015,-42.04411,3.194,2401.0,41018.0,-198.0,46.5,0 days 07:15:00
2001-03-28 11:30:00-12:00,30.30033,-42.04274,3.204,2408.0,41024.0,-192.0,46.8,0 days 07:16:00
2001-03-28 11:31:00-12:00,30.30051,-42.04138,3.202,2407.0,41022.0,-194.0,45.7,0 days 07:17:00
2001-03-28 11:33:00-12:00,30.3009,-42.03864,3.081,2316.0,41013.0,-202.0,42.6,0 days 07:19:00
2001-03-28 11:34:00-12:00,30.30109,-42.03734,3.028,2276.0,41020.0,-195.0,43.5,0 days 07:20:00
2001-03-28 11:36:00-12:00,30.30142,-42.03459,3.028,2276.0,41023.0,-192.0,40.7,0 days 07:22:00
2001-03-28 11:39:00-12:00,30.30187,-42.03022,3.006,2259.0,41017.0,-197.0,36.8,0 days 07:25:00
2001-03-28 11:40:00-12:00,30.30205,-42.02877,3.089,2322.0,41019.0,-195.0,35.8,0 days 07:26:00
2001-03-28 11:41:00-12:00,30.30219,-42.02738,3.2,2405.0,41028.0,-186.0,34.8,0 days 07:27:00
2001-03-28 11:42:00-12:00,30.30238,-42.02601,3.252,2444.0,41010.0,-204.0,34.8,0 days 07:28:00
2001-03-28 11:43:00-12:00,30.30256,-42.02461,3.318,2494.0,41021.0,-193.0,32.1,0 days 07:29:00
2001-03-28 11:44:00-12:00,30.30274,-42.02315,3.445,2590.0,41010.0,-204.0,31.4,0 days 07:30:00
2001-03-28 11:45:00-12:00,30.30291,-42.02168,3.568,2682.0,41023.0,-191.0,31.5,0 days 07:31:00
2001-03-28 11:46:00-12:00,30.3031,-42.02022,3.692,2776.0,41018.0,-196.0,27.8,0 days 07:32:00
2001-03-28 11:47:00-12:00,30.30326,-42.01873,3.845,2891.0,41019.0,-194.0,26.5,0 days 07:33:00
2001-03-28 11:48:00-12:00,30.30342,-42.01728,3.962,2980.0,41028.0,-186.0,26.8,0 days 07:34:00
2001-03-28 11:50:00-12:00,30.30378,-42.01446,4.202,3162.0,41016.0,-197.0,24.6,0 days 07:36:00
2001-03-28 11:52:00-12:00,30.30411,-42.01158,4.425,3330.0,41023.0,-190.0,22.5,0 days 07:38:00
2001-03-28 11:53:00-12:00,30.3043,-42.01011,4.442,3343.0,41038.0,-174.0,20.9,0 days 07:39:00
2001-03-28 11:56:00-12:00,30.30475,-42.00574,4.216,3172.0,41047.0,-166.0,16.1,0 days 07:42:00
2001-03-28 11:57:00-12:00,30.3049,-42.00431,4.186,3149.0,41053.0,-159.0,16.7,0 days 07:43:00
2001-03-28 11:58:00-12:00,30.30505,-42.00286,4.185,3148.0,41067.0,-145.0,14.1,0 days 07:44:00
2001-03-28 11:59:00-12:00,30.30516,-42.00148,4.178,3143.0,41068.0,-144.0,13.4,0 days 07:45:00
2001-03-28 12:00:00-12:00,30.30528,-42.0001,4.18,3144.0,41087.0,-125.0,12.9,0 days 07:46:00
2001-03-28 12:10:00-12:00,30.30712,-41.98591,4.381,3297.0,41175.0,-28.0,3.8,0 days 07:56:00
2001-03-28 12:11:00-12:00,30.3073,-41.9845,4.337,3264.0,41168.0,-36.0,1.7,0 days 07:57:00
2001-03-28 12:12:00-12:00,30.30745,-41.98305,4.268,3211.0,41183.0,-20.0,2.5,0 days 07:58:00
2001-03-28 12:13:00-12:00,30.30762,-41.98162,4.245,3194.0,41188.0,-16.0,0.6,0 days 07:59:00
2001-03-28 12:15:00-12:00,30.30797,-41.97871,4.28,3220.0,41212.0,9.0,-0.3,0 days 08:01:00
2001-03-28 12:16:00-12:00,30.30812,-41.97724,4.316,3247.0,41212.0,8.0,-1.2,0 days 08:02:00
2001-03-28 12:17:00-12:00,30.30828,-41.97574,4.429,3333.0,41214.0,11.0,-3.5,0 days 08:03:00
2001-03-28 12:18:00-12:00,30.30844,-41.97421,4.471,3365.0,41220.0,17.0,-2.7,0 days 08:04:00
2001-03-28 12:19:00-12:00,30.3086,-41.97271,4.493,3382.0,41240.0,37.0,-1.6,0 days 08:05:00
2001-03-28 12:20:00-12:00,30.30875,-41.97128,4.497,3385.0,41247.0,44.0,-2.1,0 days 08:06:00
2001-03-28 12:21:00-12:00,30.30895,-41.96989,4.537,3415.0,41233.0,30.0,-2.9,0 days 08:07:00
2001-03-28 12:23:00-12:00,30.30931,-41.9671,4.661,3509.0,41246.0,44.0,-4.0,0 days 08:09:00
2001-03-28 12:24:00-12:00,30.30951,-41.96569,4.678,3521.0,41255.0,52.0,-5.8,0 days 08:10:00
2001-03-28 12:26:00-12:00,30.30984,-41.96284,4.63,3485.0,41271.0,69.0,-9.1,0 days 08:12:00
2001-03-28 12:27:00-12:00,30.30999,-41.96141,4.64,3493.0,41261.0,59.0,-8.1,0 days 08:13:00
2001-03-28 12:28:00-12:00,30.31017,-41.96,4.757,3582.0,41250.0,48.0,-9.9,0 days 08:14:00
2001-03-28 12:30:00-12:00,30.31053,-41.95732,4.821,3631.0,41260.0,58.0,-8.6,0 days 08:16:00
2001-03-28 12:31:00-12:00,30.31069,-41.95605,4.834,3641.0,41259.0,58.0,-8.1,0 days 08:17:00
2001-03-28 12:32:00-12:00,30.31083,-41.95477,4.85,3653.0,41252.0,50.0,-7.0,0 days 08:18:00
2001-03-28 12:35:00-12:00,30.31121,-41.95087,4.964,3739.0,41259.0,58.0,-10.0,0 days 08:21:00
2001-03-28 12:36:00-12:00,30.3114,-41.94955,4.997,3765.0,41271.0,70.0,-10.7,0 days 08:22:00
2001-03-28 12:37:00-12:00,30.31158,-41.94821,5.028,3788.0,41250.0,49.0,-12.2,0 days 08:23:00
2001-03-28 12:38:00-12:00,30.31173,-41.94686,5.062,3814.0,41240.0,39.0,-9.7,0 days 08:24:00
2001-03-28 12:39:00-12:00,30.31187,-41.9455,5.066,3818.0,41249.0,48.0,-11.3,0 days 08:25:00
2001-03-28 12:40:00-12:00,30.31204,-41.94419,5.092,3837.0,41250.0,49.0,-10.9,0 days 08:26:00
2001-03-28 12:41:00-12:00,30.31221,-41.94288,5.116,3856.0,41246.0,45.0,-9.5,0 days 08:27:00
2001-03-28 12:43:00-12:00,30.31249,-41.94009,5.036,3795.0,41229.0,29.0,-12.9,0 days 08:29:00
2001-03-28 12:44:00-12:00,30.31265,-41.93863,5.038,3796.0,41229.0,29.0,-12.6,0 days 08:30:00
2001-03-28 12:45:00-12:00,30.31282,-41.93717,5.064,3816.0,41234.0,34.0,-13.7,0 days 08:31:00
2001-03-28 12:46:00-12:00,30.31298,-41.93572,5.042,3800.0,41226.0,26.0,-11.4,0 days 08:32:00
2001-03-28 12:47:00-12:00,30.31316,-41.93428,5.03,3789.0,41233.0,33.0,-11.9,0 days 08:33:00
2001-03-28 12:48:00-12:00,30.31333,-41.93283,4.998,3765.0,41219.0,19.0,-11.8,0 days 08:34:00
2001-03-28 12:49:00-12:00,30.31349,-41.93137,4.949,3728.0,41208.0,8.0,-11.6,0 days 08:35:00
2001-03-28 12:52:00-12:00,30.31393,-41.92701,4.937,3719.0,41210.0,11.0,-12.0,0 days 08:38:00
2001-03-28 12:53:00-12:00,30.31409,-41.92563,4.849,3652.0,41205.0,6.0,-10.2,0 days 08:39:00
2001-03-28 12:54:00-12:00,30.31426,-41.92425,4.832,3639.0,41210.0,11.0,-10.6,0 days 08:40:00
2001-03-28 12:55:00-12:00,30.31441,-41.92285,4.845,3649.0,41205.0,6.0,-9.2,0 days 08:41:00
2001-03-28 12:56:00-12:00,30.31459,-41.92148,4.88,3676.0,41202.0,3.0,-10.9,0 days 08:42:00
2001-03-28 12:57:00-12:00,30.31475,-41.92013,4.905,3695.0,41187.0,-12.0,-9.9,0 days 08:43:00
2001-03-28 12:59:00-12:00,30.31505,-41.9174,4.872,3670.0,41170.0,-29.0,-9.5,0 days 08:45:00
2001-03-28 13:00:00-12:00,30.31522,-41.91611,4.892,3685.0,41185.0,-14.0,-8.1,0 days 08:46:00
2001-03-28 13:10:00-12:00,30.31538,-41.9148,4.906,3696.0,41177.0,-22.0,-8.9,0 days 08:56:00
2001-03-28 13:30:00-12:00,30.31573,-41.91215,4.86,3660.0,41168.0,-30.0,-7.1,0 days 09:16:00
2001-03-28 13:50:00-12:00,30.31603,-41.9094,4.723,3556.0,41174.0,-24.0,-7.6,0 days 09:36:00
2001-03-28 13:12:00-12:00,30.31719,-41.89915,4.477,3370.0,41164.0,-34.0,-2.8,0 days 08:58:00
2001-03-28 13:13:00-12:00,30.31739,-41.89765,4.485,3376.0,41169.0,-28.0,-3.7,0 days 08:59:00
2001-03-28 13:15:00-12:00,30.31778,-41.89474,4.505,3391.0,41162.0,-35.0,-0.5,0 days 09:01:00
2001-03-28 13:18:00-12:00,30.31823,-41.89038,4.262,3206.0,41143.0,-54.0,0.4,0 days 09:04:00
2001-03-28 13:19:00-12:00,30.31838,-41.88896,4.117,3097.0,41135.0,-61.0,2.8,0 days 09:05:00
2001-03-28 13:20:00-12:00,30.31852,-41.88753,4.094,3079.0,41138.0,-59.0,2.3,0 days 09:06:00
2001-03-28 13:21:00-12:00,30.31865,-41.88611,4.144,3117.0,41156.0,-40.0,1.6,0 days 09:07:00
2001-03-28 13:23:00-12:00,30.31899,-41.88331,4.215,3171.0,41150.0,-46.0,4.9,0 days 09:09:00
2001-03-28 13:24:00-12:00,30.31917,-41.88195,4.185,3148.0,41136.0,-60.0,4.2,0 days 09:10:00
2001-03-28 13:27:00-12:00,30.31975,-41.87783,4.05,3046.0,41124.0,-71.0,7.2,0 days 09:13:00
2001-03-28 13:28:00-12:00,30.31989,-41.87644,4.046,3042.0,41102.0,-94.0,8.4,0 days 09:14:00
2001-03-28 13:31:00-12:00,30.3203,-41.87239,3.972,2987.0,41108.0,-88.0,9.9,0 days 09:17:00
2001-03-28 13:32:00-12:00,30.32042,-41.871,3.968,2984.0,41104.0,-92.0,9.9,0 days 09:18:00
2001-03-28 13:33:00-12:00,30.32054,-41.8696,3.973,2988.0,41108.0,-86.0,10.4,0 days 09:19:00
2001-03-28 13:34:00-12:00,30.32066,-41.86821,3.977,2991.0,41100.0,-94.0,10.0,0 days 09:20:00
2001-03-28 13:37:00-12:00,30.321,-41.86402,4.034,3034.0,41081.0,-113.0,13.0,0 days 09:23:00
2001-03-28 13:41:00-12:00,30.32034,-41.85862,4.191,3152.0,40997.0,-197.0,15.2,0 days 09:27:00
2001-03-28 13:42:00-12:00,30.3198,-41.85744,4.043,3040.0,40994.0,-199.0,14.8,0 days 09:28:00
2001-03-28 13:43:00-12:00,30.31922,-41.85625,3.905,2936.0,40985.0,-207.0,14.6,0 days 09:29:00
2001-03-28 13:44:00-12:00,30.31857,-41.8551,3.819,2871.0,40984.0,-208.0,17.4,0 days 09:30:00
2001-03-28 13:46:00-12:00,30.31693,-41.85295,3.772,2836.0,40982.0,-208.0,17.0,0 days 09:32:00
2001-03-28 13:47:00-12:00,30.31591,-41.85206,3.772,2836.0,41004.0,-186.0,18.8,0 days 09:33:00
2001-03-28 13:49:00-12:00,30.31359,-41.85076,3.766,2831.0,41026.0,-162.0,20.9,0 days 09:35:00
2001-03-28 13:54:00-12:00,30.30688,-41.8504,3.86,2902.0,41112.0,-73.0,22.8,0 days 09:40:00
2001-03-28 13:57:00-12:00,30.30303,-41.85072,3.858,2901.0,41084.0,-99.0,16.1,0 days 09:43:00
2001-03-28 14:12:00-12:00,30.28421,-41.85411,3.862,2903.0,41091.0,-82.0,20.7,0 days 09:58:00
2001-03-28 14:15:00-12:00,30.28036,-41.85459,3.846,2891.0,41140.0,-30.0,20.7,0 days 10:01:00
2001-03-28 14:26:00-12:00,30.26693,-41.85699,3.7,2782.0,41273.0,109.0,22.6,0 days 10:12:00
2001-03-28 14:34:00-12:00,30.25719,-41.85873,3.608,2712.0,41417.0,258.0,21.4,0 days 10:20:00
2001-03-28 14:35:00-12:00,30.25603,-41.85895,3.625,2725.0,41416.0,258.0,22.0,0 days 10:21:00
2001-03-28 14:36:00-12:00,30.25485,-41.85915,3.633,2731.0,41417.0,260.0,22.0,0 days 10:22:00
2001-03-28 14:37:00-12:00,30.25368,-41.85934,3.625,2725.0,41412.0,256.0,22.6,0 days 10:23:00
2001-03-28 14:38:00-12:00,30.25251,-41.85955,3.608,2712.0,41419.0,264.0,20.4,0 days 10:24:00
2001-03-28 14:39:00-12:00,30.25135,-41.85978,3.604,2709.0,41418.0,262.0,22.8,0 days 10:25:00
2001-03-28 14:40:00-12:00,30.25017,-41.85997,3.613,2716.0,41421.0,266.0,21.3,0 days 10:26:00
2001-03-28 14:41:00-12:00,30.24901,-41.86016,3.604,2709.0,41421.0,268.0,23.5,0 days 10:27:00
2001-03-28 14:42:00-12:00,30.24784,-41.86035,3.624,2724.0,41429.0,276.0,21.6,0 days 10:28:00
2001-03-28 14:45:00-12:00,30.24435,-41.86093,3.656,2748.0,41392.0,241.0,23.9,0 days 10:31:00
2001-03-28 14:47:00-12:00,30.24199,-41.86131,3.652,2745.0,41424.0,274.0,23.5,0 days 10:33:00
2001-03-28 14:48:00-12:00,30.2408,-41.86147,3.62,2721.0,41419.0,270.0,24.5,0 days 10:34:00
2001-03-28 14:49:00-12:00,30.2396,-41.86167,3.614,2716.0,41406.0,257.0,25.5,0 days 10:35:00
2001-03-28 14:50:00-12:00,30.2384,-41.86189,3.584,2694.0,41415.0,266.0,23.9,0 days 10:36:00
2001-03-28 14:51:00-12:00,30.23715,-41.8621,3.578,2690.0,41422.0,274.0,23.8,0 days 10:37:00
2001-03-28 14:52:00-12:00,30.23594,-41.86235,3.562,2678.0,41383.0,236.0,23.0,0 days 10:38:00
2001-03-28 14:53:00-12:00,30.2347,-41.86256,3.534,2656.0,41348.0,202.0,25.1,0 days 10:39:00
2001-03-28 14:55:00-12:00,30.23227,-41.86301,3.401,2557.0,41345.0,200.0,22.4,0 days 10:41:00
2001-03-28 14:58:00-12:00,30.22863,-41.86366,3.396,2553.0,41334.0,190.0,24.2,0 days 10:44:00
2001-03-28 15:00:00-12:00,30.22623,-41.86411,3.478,2614.0,41294.0,152.0,25.5,0 days 10:46:00
2001-03-28 15:40:00-12:00,30.22148,-41.86505,3.417,2569.0,41369.0,230.0,21.9,0 days 11:26:00
2001-03-28 15:10:00-12:00,30.21404,-41.86619,3.531,2654.0,41330.0,195.0,22.1,0 days 10:56:00
2001-03-28 15:11:00-12:00,30.21279,-41.86642,3.473,2611.0,41341.0,206.0,21.3,0 days 10:57:00
2001-03-28 15:12:00-12:00,30.21151,-41.86663,3.46,2601.0,41332.0,198.0,22.2,0 days 10:58:00
2001-03-28 15:13:00-12:00,30.21026,-41.86687,3.428,2577.0,41335.0,201.0,22.2,0 days 10:59:00
2001-03-28 15:14:00-12:00,30.20901,-41.86712,3.418,2570.0,41335.0,202.0,20.5,0 days 11:00:00
2001-03-28 15:15:00-12:00,30.20777,-41.86732,3.426,2576.0,41322.0,190.0,21.5,0 days 11:01:00
2001-03-28 15:17:00-12:00,30.20524,-41.86777,3.484,2619.0,41311.0,180.0,20.7,0 days 11:03:00
2001-03-28 15:18:00-12:00,30.20399,-41.86802,3.512,2640.0,41311.0,181.0,20.9,0 days 11:04:00
2001-03-28 15:19:00-12:00,30.20273,-41.86823,3.538,2660.0,41308.0,179.0,18.7,0 days 11:05:00
2001-03-28 15:20:00-12:00,30.20149,-41.86844,3.558,2674.0,41310.0,182.0,19.2,0 days 11:06:00
2001-03-28 15:21:00-12:00,30.20024,-41.86866,3.576,2688.0,41299.0,171.0,18.9,0 days 11:07:00
2001-03-28 15:25:00-12:00,30.19536,-41.86955,3.665,2755.0,41242.0,117.0,18.5,0 days 11:11:00
2001-03-28 15:26:00-12:00,30.19415,-41.86973,3.678,2765.0,41257.0,132.0,18.0,0 days 11:12:00
2001-03-28 15:28:00-12:00,30.19171,-41.87013,3.694,2777.0,41230.0,106.0,18.4,0 days 11:14:00
2001-03-28 15:33:00-12:00,30.18562,-41.87127,3.83,2879.0,41212.0,92.0,14.9,0 days 11:19:00
2001-03-28 15:34:00-12:00,30.18443,-41.8715,3.802,2859.0,41200.0,80.0,15.1,0 days 11:20:00
2001-03-28 15:35:00-12:00,30.18323,-41.87172,3.808,2863.0,41205.0,86.0,15.6,0 days 11:21:00
2001-03-28 15:36:00-12:00,30.18207,-41.87198,3.812,2866.0,41193.0,75.0,16.5,0 days 11:22:00
2001-03-28 15:37:00-12:00,30.18085,-41.8722,3.84,2887.0,41208.0,91.0,15.3,0 days 11:23:00
2001-03-28 15:39:00-12:00,30.17833,-41.87263,3.824,2875.0,41179.0,63.0,15.0,0 days 11:25:00
2001-03-28 15:45:00-12:00,30.17086,-41.87378,3.735,2808.0,41134.0,21.0,15.0,0 days 11:31:00
2001-03-28 15:47:00-12:00,30.16829,-41.8742,3.716,2794.0,41131.0,20.0,15.1,0 days 11:33:00
2001-03-28 15:48:00-12:00,30.16699,-41.87441,3.692,2776.0,41118.0,8.0,13.5,0 days 11:34:00
2001-03-28 15:49:00-12:00,30.16571,-41.87462,3.626,2726.0,41129.0,19.0,14.3,0 days 11:35:00
2001-03-28 15:52:00-12:00,30.16189,-41.87533,3.478,2614.0,41148.0,40.0,13.7,0 days 11:38:00
2001-03-28 15:53:00-12:00,30.16065,-41.87556,3.432,2580.0,41137.0,30.0,13.0,0 days 11:39:00
2001-03-28 15:54:00-12:00,30.15941,-41.87578,3.453,2596.0,41147.0,41.0,13.0,0 days 11:40:00
2001-03-28 15:55:00-12:00,30.15818,-41.87602,3.552,2670.0,41130.0,24.0,12.2,0 days 11:41:00
2001-03-28 15:56:00-12:00,30.15695,-41.87623,3.572,2685.0,41130.0,25.0,13.4,0 days 11:42:00
2001-03-28 15:57:00-12:00,30.15572,-41.87645,3.597,2704.0,41131.0,27.0,11.9,0 days 11:43:00
2001-03-28 15:58:00-12:00,30.1545,-41.87669,3.586,2696.0,41125.0,21.0,11.1,0 days 11:44:00
2001-03-28 15:59:00-12:00,30.15329,-41.87691,3.586,2696.0,41131.0,28.0,12.6,0 days 11:45:00
2001-03-28 16:00:00-12:00,30.15206,-41.87712,3.637,2734.0,41137.0,35.0,12.1,0 days 11:46:00
2001-03-28 16:10:00-12:00,30.15084,-41.87735,3.672,2761.0,41133.0,32.0,11.3,0 days 11:56:00
2001-03-28 16:20:00-12:00,30.1496,-41.87759,3.706,2787.0,41126.0,24.0,11.5,0 days 12:06:00
2001-03-28 16:30:00-12:00,30.14834,-41.87783,3.759,2826.0,41117.0,17.0,11.6,0 days 12:16:00
2001-03-28 16:40:00-12:00,30.14712,-41.87808,3.78,2842.0,41121.0,21.0,13.5,0 days 12:26:00
2001-03-28 17:21:00-12:00,30.05163,-41.89511,4.154,3125.0,40996.0,-53.0,-3.6,0 days 13:07:00
2001-03-28 17:27:00-12:00,30.04422,-41.89645,4.129,3106.0,41064.0,19.0,-3.3,0 days 13:13:00
2001-03-28 17:28:00-12:00,30.04299,-41.89671,4.105,3088.0,41066.0,22.0,-4.8,0 days 13:14:00
2001-03-28 17:29:00-12:00,30.04176,-41.89693,4.065,3057.0,41088.0,44.0,-4.8,0 days 13:15:00
2001-03-28 17:30:00-12:00,30.04049,-41.89709,4.037,3036.0,41070.0,27.0,-5.6,0 days 13:16:00
2001-03-28 17:37:00-12:00,30.03177,-41.89866,4.219,3174.0,41212.0,174.0,-4.8,0 days 13:23:00
2001-03-28 17:38:00-12:00,30.03053,-41.8989,4.24,3190.0,41212.0,174.0,-5.0,0 days 13:24:00
2001-03-28 18:33:00-12:00,30.04922,-41.94667,5.1,3844.0,41037.0,-18.0,-23.8,0 days 14:19:00
2001-03-28 18:34:00-12:00,30.0503,-41.94738,5.091,3836.0,41034.0,-22.0,-24.2,0 days 14:20:00
2001-03-28 18:35:00-12:00,30.0514,-41.94808,5.074,3824.0,41029.0,-28.0,-26.2,0 days 14:21:00
2001-03-28 18:36:00-12:00,30.05251,-41.94879,5.09,3836.0,41024.0,-33.0,-27.6,0 days 14:22:00
2001-03-28 18:37:00-12:00,30.05363,-41.9495,5.158,3887.0,41020.0,-38.0,-25.5,0 days 14:23:00
2001-03-28 18:38:00-12:00,30.05473,-41.95022,5.22,3935.0,41018.0,-41.0,-27.4,0 days 14:24:00
2001-03-28 18:39:00-12:00,30.05584,-41.95093,5.264,3968.0,41014.0,-46.0,-27.2,0 days 14:25:00
2001-03-28 18:40:00-12:00,30.05696,-41.95164,5.314,4007.0,41012.0,-48.0,-27.7,0 days 14:26:00
2001-03-28 18:41:00-12:00,30.05807,-41.95233,5.405,4076.0,41010.0,-51.0,-27.8,0 days 14:27:00
2001-03-28 18:42:00-12:00,30.0592,-41.95302,5.554,4190.0,41008.0,-53.0,-27.4,0 days 14:28:00
2001-03-28 18:43:00-12:00,30.06033,-41.95371,5.682,4288.0,41008.0,-54.0,-28.8,0 days 14:29:00
2001-03-28 18:44:00-12:00,30.06143,-41.9544,5.73,4325.0,41007.0,-56.0,-28.9,0 days 14:30:00
2001-03-28 18:45:00-12:00,30.06255,-41.9551,5.724,4320.0,41007.0,-57.0,-29.8,0 days 14:31:00
2001-03-28 18:46:00-12:00,30.06365,-41.95582,5.744,4335.0,41009.0,-56.0,-30.2,0 days 14:32:00
2001-03-28 18:47:00-12:00,30.06477,-41.95653,5.773,4358.0,41009.0,-56.0,-29.9,0 days 14:33:00
2001-03-28 18:48:00-12:00,30.06587,-41.95725,5.794,4374.0,41010.0,-56.0,-31.8,0 days 14:34:00
2001-03-28 18:49:00-12:00,30.06697,-41.95796,5.805,4383.0,41013.0,-54.0,-31.9,0 days 14:35:00
2001-03-28 18:50:00-12:00,30.06807,-41.95866,5.809,4386.0,41016.0,-52.0,-30.9,0 days 14:36:00
2001-03-28 18:51:00-12:00,30.06918,-41.95936,5.83,4401.0,41017.0,-52.0,-31.8,0 days 14:37:00
2001-03-28 18:52:00-12:00,30.07027,-41.96005,5.837,4407.0,41020.0,-49.0,-32.0,0 days 14:38:00
2001-03-28 18:53:00-12:00,30.07135,-41.96074,5.839,4408.0,41024.0,-46.0,-32.1,0 days 14:39:00
2001-03-28 18:54:00-12:00,30.07244,-41.96142,5.862,4426.0,41028.0,-42.0,-31.4,0 days 14:40:00
2001-03-28 18:55:00-12:00,30.07354,-41.96214,5.874,4436.0,41032.0,-39.0,-31.1,0 days 14:41:00
2001-03-28 18:56:00-12:00,30.07461,-41.96284,5.9,4456.0,41038.0,-34.0,-32.7,0 days 14:42:00
2001-03-28 18:57:00-12:00,30.07568,-41.96354,5.905,4460.0,41043.0,-29.0,-33.8,0 days 14:43:00
2001-03-28 18:58:00-12:00,30.07676,-41.96423,5.92,4471.0,41050.0,-23.0,-31.8,0 days 14:44:00
2001-03-28 18:59:00-12:00,30.07782,-41.96493,5.935,4482.0,41055.0,-18.0,-34.5,0 days 14:45:00
2001-03-28 19:00:00-12:00,30.07889,-41.96562,5.918,4469.0,41060.0,-14.0,-33.7,0 days 14:46:00
2001-03-28 19:10:00-12:00,30.07995,-41.96629,5.924,4474.0,41070.0,-5.0,-33.3,0 days 14:56:00
2001-03-28 19:24:00-12:00,30.10507,-41.98332,5.716,4314.0,41245.0,154.0,-29.2,0 days 15:10:00
2001-03-28 19:25:00-12:00,30.10601,-41.98434,5.706,4307.0,41252.0,160.0,-28.8,0 days 15:11:00
2001-03-28 19:26:00-12:00,30.10687,-41.98543,5.705,4306.0,41258.0,166.0,-26.4,0 days 15:12:00
2001-03-28 19:27:00-12:00,30.10768,-41.98662,5.696,4298.0,41266.0,173.0,-27.0,0 days 15:13:00
2001-03-28 19:28:00-12:00,30.10845,-41.98785,5.69,4294.0,41270.0,176.0,-26.4,0 days 15:14:00
2001-03-28 19:29:00-12:00,30.10922,-41.98908,5.686,4290.0,41273.0,178.0,-26.9,0 days 15:15:00
2001-03-28 19:30:00-12:00,30.10996,-41.99032,5.695,4297.0,41278.0,183.0,-27.2,0 days 15:16:00
2001-03-28 19:31:00-12:00,30.11061,-41.99163,5.694,4296.0,41280.0,184.0,-24.8,0 days 15:17:00
2001-03-28 19:32:00-12:00,30.11116,-41.99299,5.664,4274.0,41285.0,189.0,-22.8,0 days 15:18:00
2001-03-28 19:33:00-12:00,30.11143,-41.99458,5.657,4269.0,41287.0,190.0,-22.1,0 days 15:19:00
2001-03-28 19:34:00-12:00,30.11179,-41.99602,5.65,4264.0,41288.0,192.0,-23.0,0 days 15:20:00
2001-03-28 19:35:00-12:00,30.11222,-41.99735,5.642,4258.0,41288.0,191.0,-22.8,0 days 15:21:00
2001-03-28 19:36:00-12:00,30.1126,-41.99872,5.636,4253.0,41290.0,192.0,-21.0,0 days 15:22:00
2001-03-28 19:37:00-12:00,30.11297,-42.00017,5.606,4229.0,41292.0,187.0,-21.1,0 days 15:23:00
2001-03-28 19:38:00-12:00,30.11329,-42.00165,5.554,4190.0,41290.0,185.0,-18.7,0 days 15:24:00
2001-03-28 19:39:00-12:00,30.1136,-42.00314,5.473,4128.0,41292.0,186.0,-18.3,0 days 15:25:00
2001-03-28 19:40:00-12:00,30.11392,-42.00462,5.31,4003.0,41291.0,185.0,-16.9,0 days 15:26:00
2001-03-28 19:41:00-12:00,30.11423,-42.00611,5.188,3911.0,41290.0,184.0,-16.5,0 days 15:27:00
2001-03-28 19:42:00-12:00,30.11451,-42.00759,5.168,3896.0,41290.0,182.0,-15.3,0 days 15:28:00
2001-03-28 19:43:00-12:00,30.1148,-42.00909,5.121,3860.0,41288.0,181.0,-13.3,0 days 15:29:00
2001-03-28 19:44:00-12:00,30.11506,-42.01059,5.092,3837.0,41285.0,177.0,-13.3,0 days 15:30:00
2001-03-28 19:45:00-12:00,30.11531,-42.01209,5.055,3809.0,41284.0,176.0,-10.2,0 days 15:31:00
2001-03-28 19:46:00-12:00,30.11552,-42.01357,5.013,3777.0,41283.0,174.0,-10.7,0 days 15:32:00
2001-03-28 19:47:00-12:00,30.11579,-42.01502,5.013,3777.0,41284.0,175.0,-7.8,0 days 15:33:00
2001-03-28 19:48:00-12:00,30.11602,-42.01648,4.956,3733.0,41276.0,167.0,-6.6,0 days 15:34:00
2001-03-28 19:49:00-12:00,30.11627,-42.01794,4.888,3682.0,41277.0,167.0,-5.5,0 days 15:35:00
2001-03-28 19:50:00-12:00,30.11653,-42.0194,4.754,3580.0,41275.0,165.0,-3.4,0 days 15:36:00
2001-03-28 19:51:00-12:00,30.11678,-42.02085,4.646,3497.0,41275.0,164.0,-2.0,0 days 15:37:00
2001-03-28 19:52:00-12:00,30.11704,-42.02231,4.545,3421.0,41269.0,159.0,0.7,0 days 15:38:00
2001-03-28 19:53:00-12:00,30.11729,-42.02375,4.497,3385.0,41266.0,155.0,2.8,0 days 15:39:00
2001-03-28 19:54:00-12:00,30.11754,-42.02521,4.491,3380.0,41266.0,155.0,3.2,0 days 15:40:00
2001-03-28 19:55:00-12:00,30.11779,-42.02668,4.484,3375.0,41263.0,151.0,5.4,0 days 15:41:00
2001-03-28 19:56:00-12:00,30.11805,-42.02813,4.452,3350.0,41262.0,150.0,8.7,0 days 15:42:00
2001-03-28 19:57:00-12:00,30.11831,-42.02959,4.406,3315.0,41257.0,145.0,8.3,0 days 15:43:00
2001-03-28 19:58:00-12:00,30.11854,-42.03106,4.337,3264.0,41255.0,142.0,12.1,0 days 15:44:00
2001-03-28 19:59:00-12:00,30.11879,-42.03253,4.19,3151.0,41250.0,137.0,12.9,0 days 15:45:00
2001-03-28 20:00:00-12:00,30.11901,-42.03399,4.108,3090.0,41248.0,134.0,15.8,0 days 15:46:00
2001-03-28 20:20:00-12:00,30.11957,-42.03687,3.933,2958.0,41244.0,130.0,19.9,0 days 16:06:00
2001-03-28 20:50:00-12:00,30.12038,-42.04121,3.666,2756.0,41239.0,123.0,28.6,0 days 16:36:00
2001-03-28 20:10:00-12:00,30.12172,-42.04862,3.213,2415.0,41228.0,111.0,41.7,0 days 15:56:00
2001-03-28 20:11:00-12:00,30.12197,-42.05006,3.134,2355.0,41226.0,109.0,42.6,0 days 15:57:00
2001-03-28 20:12:00-12:00,30.12221,-42.0515,3.053,2295.0,41222.0,104.0,46.8,0 days 15:58:00
2001-03-28 20:13:00-12:00,30.12245,-42.05293,2.945,2214.0,41221.0,102.0,48.8,0 days 15:59:00
2001-03-28 20:14:00-12:00,30.1227,-42.05437,2.841,2136.0,41221.0,102.0,51.8,0 days 16:00:00
2001-03-28 20:15:00-12:00,30.12295,-42.05581,2.747,2065.0,41217.0,98.0,54.3,0 days 16:01:00
2001-03-28 20:16:00-12:00,30.1232,-42.05721,2.62,1970.0,41210.0,91.0,55.7,0 days 16:02:00
2001-03-28 20:27:00-12:00,30.12615,-42.07328,1.903,1432.0,41099.0,-24.0,87.1,0 days 16:13:00
2001-03-28 20:28:00-12:00,30.12639,-42.07474,1.875,1411.0,41097.0,-26.0,90.4,0 days 16:14:00
2001-03-28 20:29:00-12:00,30.12664,-42.07622,1.835,1381.0,41092.0,-32.0,92.8,0 days 16:15:00
2001-03-28 20:30:00-12:00,30.12689,-42.07768,1.803,1357.0,41083.0,-42.0,94.3,0 days 16:16:00
2001-03-28 20:31:00-12:00,30.12714,-42.07913,1.789,1348.0,41085.0,-40.0,95.8,0 days 16:17:00
2001-03-28 20:32:00-12:00,30.1274,-42.08059,1.789,1348.0,41084.0,-41.0,97.8,0 days 16:18:00
2001-03-28 20:33:00-12:00,30.12765,-42.08201,1.748,1317.0,41087.0,-39.0,100.7,0 days 16:19:00
2001-03-28 20:34:00-12:00,30.1279,-42.08348,1.729,1303.0,41087.0,-39.0,102.5,0 days 16:20:00
2001-03-28 20:35:00-12:00,30.12816,-42.08495,1.716,1293.0,41087.0,-39.0,104.4,0 days 16:21:00
2001-03-28 20:36:00-12:00,30.12842,-42.0864,1.701,1282.0,41085.0,-41.0,107.7,0 days 16:22:00
2001-03-28 20:37:00-12:00,30.12868,-42.08785,1.677,1264.0,41087.0,-40.0,108.7,0 days 16:23:00
2001-03-28 20:38:00-12:00,30.12896,-42.0893,1.636,1233.0,41089.0,-38.0,110.8,0 days 16:24:00
2001-03-28 20:39:00-12:00,30.12921,-42.09076,1.593,1201.0,41087.0,-41.0,111.9,0 days 16:25:00
2001-03-28 20:40:00-12:00,30.12948,-42.09221,1.555,1172.0,41086.0,-42.0,113.5,0 days 16:26:00
2001-03-28 20:41:00-12:00,30.12975,-42.09364,1.538,1160.0,41084.0,-44.0,115.8,0 days 16:27:00
2001-03-28 20:42:00-12:00,30.13,-42.09509,1.516,1143.0,41082.0,-47.0,116.8,0 days 16:28:00
2001-03-28 20:43:00-12:00,30.13025,-42.09653,1.504,1134.0,41077.0,-52.0,118.9,0 days 16:29:00
2001-03-28 20:44:00-12:00,30.1305,-42.09797,1.481,1117.0,41070.0,-60.0,120.1,0 days 16:30:00
2001-03-28 20:45:00-12:00,30.13077,-42.09942,1.43,1078.0,41068.0,-61.0,122.3,0 days 16:31:00
2001-03-28 20:46:00-12:00,30.13103,-42.10087,1.359,1025.0,41063.0,-67.0,122.3,0 days 16:32:00
2001-03-28 20:47:00-12:00,30.13128,-42.10233,1.303,983.0,41058.0,-72.0,123.4,0 days 16:33:00
2001-03-28 20:48:00-12:00,30.13154,-42.10378,1.285,970.0,41057.0,-74.0,125.6,0 days 16:34:00
2001-03-28 20:49:00-12:00,30.1318,-42.1052,1.276,963.0,41048.0,-83.0,125.8,0 days 16:35:00
2001-03-28 21:00:00-12:00,30.13458,-42.12099,1.131,854.0,40928.0,-207.0,133.1,0 days 16:46:00
2001-03-28 21:10:00-12:00,30.13484,-42.12241,1.143,863.0,40923.0,-213.0,132.6,0 days 16:56:00
2001-03-28 21:11:00-12:00,30.13737,-42.1366,1.527,1151.0,40952.0,-187.0,128.8,0 days 16:57:00
2001-03-28 21:12:00-12:00,30.1376,-42.13803,1.56,1176.0,40956.0,-184.0,127.6,0 days 16:58:00
2001-03-28 21:13:00-12:00,30.13783,-42.13946,1.593,1201.0,40965.0,-175.0,126.4,0 days 16:59:00
2001-03-28 21:14:00-12:00,30.13805,-42.14089,1.635,1232.0,40971.0,-169.0,125.4,0 days 17:00:00
2001-03-28 21:15:00-12:00,30.13828,-42.1423,1.671,1259.0,40974.0,-166.0,125.2,0 days 17:01:00
2001-03-28 21:16:00-12:00,30.13854,-42.14374,1.688,1272.0,40981.0,-160.0,123.5,0 days 17:02:00
2001-03-28 21:17:00-12:00,30.1388,-42.14517,1.707,1286.0,40984.0,-157.0,123.4,0 days 17:03:00
2001-03-28 21:18:00-12:00,30.13907,-42.14661,1.692,1275.0,40992.0,-149.0,122.8,0 days 17:04:00
2001-03-28 21:19:00-12:00,30.13933,-42.14807,1.735,1307.0,40995.0,-146.0,121.6,0 days 17:05:00
2001-03-28 21:20:00-12:00,30.13961,-42.14951,1.812,1364.0,41001.0,-141.0,121.4,0 days 17:06:00
2001-03-28 21:21:00-12:00,30.13987,-42.15096,1.859,1399.0,41005.0,-138.0,119.5,0 days 17:07:00
2001-03-28 21:22:00-12:00,30.14015,-42.1524,1.845,1389.0,41009.0,-134.0,119.5,0 days 17:08:00
2001-03-28 21:23:00-12:00,30.14042,-42.15386,1.84,1385.0,41015.0,-128.0,117.9,0 days 17:09:00
2001-03-28 21:24:00-12:00,30.14069,-42.15532,1.835,1381.0,41016.0,-127.0,117.1,0 days 17:10:00
2001-03-28 21:25:00-12:00,30.14094,-42.15678,1.847,1390.0,41023.0,-121.0,116.7,0 days 17:11:00
2001-03-28 21:26:00-12:00,30.1412,-42.15825,1.849,1392.0,41023.0,-121.0,115.3,0 days 17:12:00
2001-03-28 21:27:00-12:00,30.14147,-42.1597,1.885,1419.0,41029.0,-116.0,115.2,0 days 17:13:00
2001-03-28 21:28:00-12:00,30.1417,-42.16115,1.901,1431.0,41030.0,-115.0,113.9,0 days 17:14:00
2001-03-28 21:29:00-12:00,30.14194,-42.16261,1.929,1452.0,41027.0,-119.0,113.6,0 days 17:15:00
2001-03-28 21:30:00-12:00,30.14222,-42.16404,1.953,1470.0,41029.0,-116.0,112.5,0 days 17:16:00
2001-03-28 21:31:00-12:00,30.14248,-42.16549,1.948,1466.0,41027.0,-119.0,112.7,0 days 17:17:00
2001-03-28 21:32:00-12:00,30.14273,-42.16695,1.972,1484.0,41025.0,-122.0,110.8,0 days 17:18:00
2001-03-28 21:33:00-12:00,30.14299,-42.16841,2.047,1540.0,41018.0,-129.0,109.8,0 days 17:19:00
2001-03-28 21:34:00-12:00,30.14325,-42.16988,2.086,1569.0,41016.0,-131.0,109.0,0 days 17:20:00
2001-03-28 21:35:00-12:00,30.1435,-42.17133,2.099,1579.0,41008.0,-140.0,107.0,0 days 17:21:00
2001-03-28 21:36:00-12:00,30.14378,-42.17277,2.095,1576.0,41009.0,-138.0,106.1,0 days 17:22:00
2001-03-28 21:37:00-12:00,30.14405,-42.17422,2.077,1563.0,41002.0,-147.0,105.2,0 days 17:23:00
2001-03-28 21:38:00-12:00,30.14433,-42.17566,2.075,1561.0,40997.0,-151.0,104.6,0 days 17:24:00
2001-03-28 21:39:00-12:00,30.14458,-42.17712,2.067,1555.0,40994.0,-155.0,104.2,0 days 17:25:00
2001-03-28 21:40:00-12:00,30.14484,-42.17857,2.075,1561.0,40991.0,-158.0,101.6,0 days 17:26:00
2001-03-28 21:41:00-12:00,30.14511,-42.18003,2.081,1566.0,40984.0,-165.0,101.5,0 days 17:27:00
2001-03-28 21:42:00-12:00,30.14536,-42.18148,2.097,1578.0,40980.0,-170.0,100.7,0 days 17:28:00
2001-03-28 21:43:00-12:00,30.14557,-42.18298,2.173,1635.0,40976.0,-174.0,99.5,0 days 17:29:00
2001-03-28 21:44:00-12:00,30.14581,-42.18444,2.239,1684.0,40973.0,-177.0,98.7,0 days 17:30:00
2001-03-28 21:45:00-12:00,30.14608,-42.18589,2.317,1743.0,40972.0,-179.0,97.2,0 days 17:31:00
2001-03-28 21:46:00-12:00,30.14635,-42.18734,2.381,1791.0,40970.0,-182.0,96.9,0 days 17:32:00
2001-03-28 21:47:00-12:00,30.14658,-42.18879,2.488,1871.0,40968.0,-184.0,94.5,0 days 17:33:00
2001-03-28 21:48:00-12:00,30.14683,-42.19024,2.548,1916.0,40965.0,-187.0,93.4,0 days 17:34:00
2001-03-28 21:49:00-12:00,30.14708,-42.1917,2.573,1935.0,40964.0,-188.0,92.1,0 days 17:35:00
2001-03-28 21:50:00-12:00,30.14733,-42.19314,2.591,1948.0,40966.0,-186.0,90.6,0 days 17:36:00
2001-03-28 21:51:00-12:00,30.1476,-42.19458,2.612,1964.0,40964.0,-189.0,90.3,0 days 17:37:00
2001-03-28 21:52:00-12:00,30.14786,-42.19602,2.609,1962.0,40968.0,-185.0,88.8,0 days 17:38:00
2001-03-28 21:53:00-12:00,30.14812,-42.19744,2.593,1950.0,40965.0,-189.0,87.3,0 days 17:39:00
2001-03-28 21:54:00-12:00,30.14838,-42.19886,2.592,1949.0,40968.0,-186.0,87.4,0 days 17:40:00
2001-03-28 21:55:00-12:00,30.14864,-42.20029,2.607,1960.0,40966.0,-188.0,86.0,0 days 17:41:00
2001-03-28 21:56:00-12:00,30.14888,-42.20174,2.66,2000.0,40966.0,-189.0,87.0,0 days 17:42:00
2001-03-28 21:57:00-12:00,30.14914,-42.20318,2.693,2025.0,40964.0,-191.0,84.2,0 days 17:43:00
2001-03-28 21:58:00-12:00,30.14934,-42.20465,2.78,2090.0,40962.0,-193.0,84.3,0 days 17:44:00
2001-03-28 21:59:00-12:00,30.14958,-42.20611,2.885,2169.0,40963.0,-193.0,82.6,0 days 17:45:00
2001-03-28 22:00:00-12:00,30.14986,-42.20756,2.973,2235.0,40960.0,-197.0,81.2,0 days 17:46:00
2001-03-28 22:30:00-12:00,30.15069,-42.21188,3.315,2492.0,40954.0,-203.0,79.5,0 days 18:16:00
2001-03-28 22:10:00-12:00,30.15254,-42.22198,3.244,2438.0,40952.0,-208.0,76.5,0 days 17:56:00
2001-03-28 22:11:00-12:00,30.15274,-42.22343,3.214,2415.0,40949.0,-211.0,75.7,0 days 17:57:00
2001-03-28 22:12:00-12:00,30.15297,-42.22488,3.224,2423.0,40950.0,-211.0,75.0,0 days 17:58:00
2001-03-28 22:13:00-12:00,30.15324,-42.22631,3.241,2436.0,40951.0,-210.0,76.2,0 days 17:59:00
2001-03-28 22:14:00-12:00,30.15347,-42.22777,3.217,2418.0,40954.0,-207.0,74.8,0 days 18:00:00
2001-03-28 22:15:00-12:00,30.15378,-42.22919,3.225,2424.0,40958.0,-203.0,76.5,0 days 18:01:00
2001-03-28 22:16:00-12:00,30.15406,-42.23058,3.253,2445.0,40961.0,-201.0,74.7,0 days 18:02:00
2001-03-28 22:17:00-12:00,30.15429,-42.23202,3.266,2456.0,40964.0,-198.0,75.4,0 days 18:03:00
2001-03-28 22:18:00-12:00,30.15449,-42.23346,3.254,2445.0,40967.0,-196.0,75.6,0 days 18:04:00
2001-03-28 22:19:00-12:00,30.15476,-42.2349,3.269,2458.0,40973.0,-190.0,74.6,0 days 18:05:00
2001-03-28 22:20:00-12:00,30.15498,-42.23637,3.269,2458.0,40977.0,-186.0,75.3,0 days 18:06:00
2001-03-28 22:21:00-12:00,30.15523,-42.23783,3.25,2443.0,40979.0,-185.0,75.8,0 days 18:07:00
2001-03-28 22:22:00-12:00,30.15547,-42.23928,3.237,2433.0,40985.0,-179.0,75.4,0 days 18:08:00
2001-03-28 22:23:00-12:00,30.15571,-42.24071,3.23,2427.0,40995.0,-170.0,75.3,0 days 18:09:00
2001-03-28 22:24:00-12:00,30.15601,-42.24214,3.238,2433.0,41000.0,-165.0,75.6,0 days 18:10:00
2001-03-28 22:29:00-12:00,30.15817,-42.24915,3.108,2336.0,41040.0,-127.0,76.5,0 days 18:15:00
2001-03-28 22:35:00-12:00,30.16352,-42.25541,3.03,2277.0,41088.0,-83.0,79.0,0 days 18:21:00
2001-03-28 22:36:00-12:00,30.16467,-42.25609,3.022,2271.0,41092.0,-79.0,78.4,0 days 18:22:00
2001-03-28 22:37:00-12:00,30.16587,-42.25668,3.021,2271.0,41095.0,-77.0,79.7,0 days 18:23:00
2001-03-28 22:38:00-12:00,30.16708,-42.25715,3.058,2299.0,41101.0,-72.0,80.9,0 days 18:24:00
2001-03-28 22:39:00-12:00,30.16832,-42.2575,3.084,2318.0,41105.0,-69.0,80.0,0 days 18:25:00
2001-03-28 22:40:00-12:00,30.1696,-42.25771,3.1,2330.0,41110.0,-65.0,80.4,0 days 18:26:00
2001-03-28 22:41:00-12:00,30.17087,-42.25781,3.109,2337.0,41110.0,-66.0,80.7,0 days 18:27:00
2001-03-28 22:42:00-12:00,30.17217,-42.2578,3.121,2346.0,41113.0,-63.0,80.6,0 days 18:28:00
2001-03-28 22:43:00-12:00,30.17345,-42.25765,3.112,2339.0,41117.0,-60.0,82.3,0 days 18:29:00
2001-03-28 22:44:00-12:00,30.17472,-42.2575,3.079,2314.0,41118.0,-59.0,81.3,0 days 18:30:00
2001-03-28 22:45:00-12:00,30.17597,-42.25733,3.101,2331.0,41117.0,-62.0,82.8,0 days 18:31:00
2001-03-28 22:46:00-12:00,30.17726,-42.25717,3.112,2339.0,41114.0,-64.0,83.6,0 days 18:32:00
2001-03-28 22:47:00-12:00,30.17852,-42.25701,3.106,2335.0,41115.0,-64.0,82.4,0 days 18:33:00
2001-03-28 22:48:00-12:00,30.17981,-42.25685,3.131,2353.0,41113.0,-67.0,84.7,0 days 18:34:00
2001-03-28 22:49:00-12:00,30.18109,-42.25671,3.133,2355.0,41114.0,-67.0,84.2,0 days 18:35:00
2001-03-28 22:50:00-12:00,30.18237,-42.25657,3.134,2355.0,41114.0,-67.0,85.7,0 days 18:36:00
2001-03-28 22:51:00-12:00,30.18364,-42.25644,3.11,2337.0,41113.0,-70.0,83.6,0 days 18:37:00
2001-03-28 22:52:00-12:00,30.18491,-42.25633,3.086,2319.0,41111.0,-72.0,84.6,0 days 18:38:00
2001-03-28 22:53:00-12:00,30.18619,-42.25621,3.061,2301.0,41112.0,-71.0,84.3,0 days 18:39:00
2001-03-28 22:54:00-12:00,30.18746,-42.25609,3.053,2295.0,41112.0,-72.0,84.1,0 days 18:40:00
2001-03-28 22:55:00-12:00,30.18874,-42.25597,3.032,2279.0,41111.0,-74.0,85.0,0 days 18:41:00
2001-03-28 22:56:00-12:00,30.19001,-42.25584,3.004,2258.0,41110.0,-75.0,84.2,0 days 18:42:00
2001-03-28 22:57:00-12:00,30.19131,-42.25574,2.958,2223.0,41114.0,-73.0,84.4,0 days 18:43:00
2001-03-28 22:58:00-12:00,30.19259,-42.25562,2.93,2203.0,41115.0,-72.0,84.2,0 days 18:44:00
2001-03-28 22:59:00-12:00,30.19386,-42.2555,2.885,2169.0,41114.0,-74.0,86.3,0 days 18:45:00
2001-03-28 23:00:00-12:00,30.19513,-42.25533,2.825,2124.0,41115.0,-73.0,85.4,0 days 18:46:00
2001-03-28 23:10:00-12:00,30.20554,-42.24861,3.01,2263.0,41075.0,-118.0,79.4,0 days 18:56:00
2001-03-28 23:14:00-12:00,30.2073,-42.24386,3.324,2499.0,41039.0,-154.0,76.9,0 days 19:00:00
2001-03-28 23:16:00-12:00,30.20752,-42.2413,3.52,2646.0,41021.0,-173.0,75.9,0 days 19:02:00
2001-03-28 23:17:00-12:00,30.20743,-42.24007,3.567,2681.0,41015.0,-178.0,76.0,0 days 19:03:00
2001-03-28 23:18:00-12:00,30.20739,-42.23887,3.682,2769.0,41020.0,-173.0,75.8,0 days 19:04:00
2001-03-28 23:19:00-12:00,30.2074,-42.23762,3.744,2815.0,41019.0,-174.0,74.7,0 days 19:05:00
2001-03-28 23:20:00-12:00,30.20738,-42.23631,3.811,2865.0,41010.0,-182.0,74.3,0 days 19:06:00
2001-03-28 23:21:00-12:00,30.20729,-42.2349,3.924,2950.0,41012.0,-180.0,72.8,0 days 19:07:00
2001-03-28 23:22:00-12:00,30.20719,-42.23344,3.926,2951.0,41008.0,-184.0,71.8,0 days 19:08:00
2001-03-28 23:23:00-12:00,30.20703,-42.23198,3.917,2945.0,41002.0,-189.0,71.2,0 days 19:09:00
2001-03-28 23:24:00-12:00,30.20683,-42.23053,3.912,2941.0,40998.0,-194.0,70.8,0 days 19:10:00
2001-03-28 23:25:00-12:00,30.2066,-42.22907,3.912,2941.0,40994.0,-197.0,70.5,0 days 19:11:00
2001-03-28 23:26:00-12:00,30.20631,-42.22757,3.905,2936.0,40987.0,-204.0,70.2,0 days 19:12:00
2001-03-28 23:27:00-12:00,30.206,-42.22613,3.906,2937.0,40990.0,-200.0,70.1,0 days 19:13:00
2001-03-28 23:28:00-12:00,30.20573,-42.22475,3.906,2937.0,40984.0,-206.0,69.9,0 days 19:14:00
2001-03-28 23:29:00-12:00,30.20547,-42.22339,3.898,2931.0,40980.0,-209.0,69.8,0 days 19:15:00
2001-03-28 23:30:00-12:00,30.20519,-42.22207,3.898,2931.0,40980.0,-210.0,69.6,0 days 19:16:00
2001-03-28 23:31:00-12:00,30.20488,-42.22071,3.896,2929.0,40979.0,-210.0,69.1,0 days 19:17:00
2001-03-28 23:32:00-12:00,30.20455,-42.21935,3.896,2929.0,40975.0,-214.0,68.6,0 days 19:18:00
2001-03-28 23:33:00-12:00,30.20423,-42.21794,3.829,2879.0,40972.0,-216.0,68.3,0 days 19:19:00
2001-03-28 23:34:00-12:00,30.2039,-42.21658,3.78,2842.0,40969.0,-218.0,68.2,0 days 19:20:00
2001-03-28 23:35:00-12:00,30.20365,-42.21525,3.753,2822.0,40968.0,-219.0,68.2,0 days 19:21:00
2001-03-28 23:36:00-12:00,30.2034,-42.21397,3.728,2803.0,40969.0,-218.0,68.2,0 days 19:22:00
2001-03-28 23:37:00-12:00,30.20314,-42.21266,3.716,2794.0,40970.0,-217.0,68.0,0 days 19:23:00
2001-03-28 23:38:00-12:00,30.20288,-42.21132,3.727,2802.0,40965.0,-221.0,67.7,0 days 19:24:00
2001-03-28 23:39:00-12:00,30.20261,-42.20997,3.696,2779.0,40960.0,-226.0,67.4,0 days 19:25:00
2001-03-28 23:40:00-12:00,30.20232,-42.20859,3.654,2746.0,40962.0,-223.0,67.4,0 days 19:26:00
2001-03-28 23:41:00-12:00,30.20205,-42.20721,3.626,2726.0,40959.0,-226.0,67.6,0 days 19:27:00
2001-03-28 23:42:00-12:00,30.20176,-42.20584,3.628,2727.0,40959.0,-226.0,67.8,0 days 19:28:00
2001-03-28 23:43:00-12:00,30.2015,-42.2045,3.628,2727.0,40958.0,-226.0,67.9,0 days 19:29:00
2001-03-28 23:44:00-12:00,30.20126,-42.20314,3.624,2724.0,40968.0,-216.0,67.9,0 days 19:30:00
2001-03-28 23:45:00-12:00,30.20102,-42.20174,3.591,2699.0,40970.0,-214.0,68.2,0 days 19:31:00
2001-03-28 23:46:00-12:00,30.20077,-42.2003,3.59,2698.0,40958.0,-225.0,68.5,0 days 19:32:00
2001-03-28 23:47:00-12:00,30.20052,-42.19888,3.577,2689.0,40958.0,-225.0,68.9,0 days 19:33:00
2001-03-28 23:48:00-12:00,30.20028,-42.1975,3.56,2676.0,40954.0,-228.0,69.4,0 days 19:34:00
2001-03-28 23:49:00-12:00,30.2,-42.19607,3.554,2672.0,40956.0,-226.0,69.7,0 days 19:35:00
2001-03-28 23:50:00-12:00,30.19972,-42.19466,3.578,2690.0,40945.0,-237.0,70.0,0 days 19:36:00
2001-03-28 23:51:00-12:00,30.19948,-42.19324,3.537,2659.0,40942.0,-239.0,70.3,0 days 19:37:00
2001-03-28 23:52:00-12:00,30.19921,-42.1918,3.517,2644.0,40942.0,-239.0,70.7,0 days 19:38:00
2001-03-28 23:53:00-12:00,30.19897,-42.19039,3.482,2618.0,40933.0,-248.0,70.9,0 days 19:39:00
2001-03-28 23:54:00-12:00,30.19873,-42.18898,3.42,2571.0,40929.0,-252.0,71.0,0 days 19:40:00
2001-03-28 23:55:00-12:00,30.19846,-42.18755,3.413,2566.0,40924.0,-257.0,71.2,0 days 19:41:00
2001-03-28 23:56:00-12:00,30.1982,-42.18609,3.43,2578.0,40915.0,-265.0,72.0,0 days 19:42:00
2001-03-28 23:57:00-12:00,30.19796,-42.18467,3.428,2577.0,40913.0,-266.0,72.7,0 days 19:43:00
2001-03-28 23:58:00-12:00,30.19771,-42.1833,3.418,2570.0,40907.0,-272.0,73.4,0 days 19:44:00
2001-03-28 23:59:00-12:00,30.19748,-42.18196,3.416,2568.0,40902.0,-277.0,74.1,0 days 19:45:00
2001-03-29 00:00:00-12:00,30.19726,-42.18062,3.421,2572.0,40895.0,-284.0,74.7,0 days 19:46:00
2001-03-29 00:20:00-12:00,30.1968,-42.17795,3.424,2574.0,40877.0,-301.0,75.4,0 days 20:06:00
2001-03-29 00:10:00-12:00,30.19477,-42.16695,3.2,2405.0,40848.0,-327.0,80.7,0 days 19:56:00
2001-03-29 00:11:00-12:00,30.19454,-42.16557,3.12,2345.0,40845.0,-330.0,81.2,0 days 19:57:00
2001-03-29 00:12:00-12:00,30.19426,-42.16417,3.125,2349.0,40843.0,-331.0,82.0,0 days 19:58:00
2001-03-29 00:13:00-12:00,30.19402,-42.16276,3.104,2333.0,40845.0,-329.0,82.9,0 days 19:59:00
2001-03-29 00:14:00-12:00,30.19374,-42.16138,3.053,2295.0,40848.0,-326.0,84.0,0 days 20:00:00
2001-03-29 00:15:00-12:00,30.19348,-42.16001,2.994,2251.0,40849.0,-324.0,85.1,0 days 20:01:00
2001-03-29 00:16:00-12:00,30.19323,-42.15864,2.902,2181.0,40861.0,-312.0,86.0,0 days 20:02:00
2001-03-29 00:18:00-12:00,30.19269,-42.15583,2.734,2055.0,40879.0,-293.0,87.4,0 days 20:04:00
2001-03-29 00:24:00-12:00,30.19111,-42.14749,2.507,1885.0,40948.0,-223.0,92.6,0 days 20:10:00
2001-03-29 00:26:00-12:00,30.19055,-42.14467,2.428,1826.0,40963.0,-207.0,94.1,0 days 20:12:00
2001-03-29 00:28:00-12:00,30.18996,-42.14179,2.408,1811.0,40976.0,-192.0,95.2,0 days 20:14:00
2001-03-29 00:29:00-12:00,30.18967,-42.14031,2.395,1801.0,40980.0,-189.0,96.2,0 days 20:15:00
2001-03-29 00:30:00-12:00,30.18945,-42.13887,2.395,1801.0,40982.0,-186.0,97.1,0 days 20:16:00
2001-03-29 00:31:00-12:00,30.18922,-42.13751,2.395,1801.0,40989.0,-179.0,98.0,0 days 20:17:00
2001-03-29 00:32:00-12:00,30.18897,-42.13615,2.371,1783.0,40993.0,-174.0,98.6,0 days 20:18:00
2001-03-29 00:33:00-12:00,30.18868,-42.13478,2.355,1771.0,40993.0,-174.0,99.1,0 days 20:19:00
2001-03-29 00:34:00-12:00,30.18841,-42.13341,2.345,1764.0,40994.0,-173.0,99.4,0 days 20:20:00
2001-03-29 00:35:00-12:00,30.18817,-42.13205,2.328,1751.0,41002.0,-164.0,99.4,0 days 20:21:00
2001-03-29 00:36:00-12:00,30.18794,-42.1307,2.319,1744.0,40997.0,-169.0,99.6,0 days 20:22:00
2001-03-29 00:37:00-12:00,30.18766,-42.12929,2.32,1745.0,40997.0,-169.0,99.9,0 days 20:23:00
2001-03-29 00:38:00-12:00,30.1874,-42.12787,2.331,1753.0,40997.0,-169.0,100.1,0 days 20:24:00
2001-03-29 00:39:00-12:00,30.18715,-42.1265,2.336,1757.0,40991.0,-174.0,100.4,0 days 20:25:00
2001-03-29 00:40:00-12:00,30.18692,-42.12512,2.328,1751.0,40984.0,-180.0,100.7,0 days 20:26:00
2001-03-29 00:41:00-12:00,30.18666,-42.12373,2.316,1742.0,40984.0,-180.0,100.8,0 days 20:27:00
2001-03-29 00:42:00-12:00,30.18641,-42.12236,2.3,1730.0,40979.0,-185.0,100.8,0 days 20:28:00
2001-03-29 00:43:00-12:00,30.18615,-42.12097,2.285,1719.0,40976.0,-188.0,100.8,0 days 20:29:00
2001-03-29 00:44:00-12:00,30.18589,-42.11956,2.287,1720.0,40977.0,-186.0,100.7,0 days 20:30:00
2001-03-29 00:45:00-12:00,30.18564,-42.11817,2.289,1722.0,40970.0,-193.0,100.5,0 days 20:31:00
2001-03-29 00:46:00-12:00,30.18536,-42.11673,2.293,1725.0,40972.0,-191.0,100.3,0 days 20:32:00
2001-03-29 00:47:00-12:00,30.18511,-42.11534,2.304,1733.0,40966.0,-196.0,100.1,0 days 20:33:00
2001-03-29 00:48:00-12:00,30.18487,-42.11396,2.314,1741.0,40962.0,-200.0,99.7,0 days 20:34:00
2001-03-29 00:49:00-12:00,30.1846,-42.11257,2.332,1754.0,40964.0,-197.0,99.3,0 days 20:35:00
2001-03-29 00:50:00-12:00,30.18433,-42.11117,2.344,1763.0,40965.0,-196.0,98.8,0 days 20:36:00
2001-03-29 00:51:00-12:00,30.18406,-42.10976,2.365,1779.0,40970.0,-191.0,98.0,0 days 20:37:00
2001-03-29 00:52:00-12:00,30.1838,-42.10836,2.395,1801.0,40969.0,-191.0,97.1,0 days 20:38:00
2001-03-29 00:53:00-12:00,30.18357,-42.10695,2.433,1830.0,40970.0,-190.0,96.4,0 days 20:39:00
2001-03-29 00:54:00-12:00,30.18332,-42.10552,2.45,1843.0,40973.0,-187.0,95.9,0 days 20:40:00
2001-03-29 00:55:00-12:00,30.18306,-42.10412,2.491,1873.0,40973.0,-187.0,95.3,0 days 20:41:00
2001-03-29 00:56:00-12:00,30.1828,-42.10274,2.527,1900.0,40983.0,-176.0,94.2,0 days 20:42:00
2001-03-29 00:57:00-12:00,30.18255,-42.10133,2.568,1931.0,40991.0,-168.0,92.9,0 days 20:43:00
2001-03-29 00:58:00-12:00,30.1823,-42.0999,2.603,1957.0,40991.0,-167.0,91.5,0 days 20:44:00
2001-03-29 00:59:00-12:00,30.18204,-42.09845,2.639,1984.0,40997.0,-161.0,90.2,0 days 20:45:00
2001-03-29 01:00:00-12:00,30.18181,-42.09702,2.665,2004.0,41001.0,-157.0,89.0,0 days 20:46:00
2001-03-29 01:30:00-12:00,30.18103,-42.09278,2.777,2088.0,41028.0,-128.0,85.6,0 days 21:16:00
2001-03-29 01:25:00-12:00,30.17535,-42.06197,3.577,2689.0,41236.0,87.0,55.7,0 days 21:11:00
2001-03-29 01:31:00-12:00,30.17372,-42.05348,3.588,2697.0,41305.0,158.0,47.7,0 days 21:17:00
2001-03-29 01:33:00-12:00,30.17318,-42.05065,3.642,2738.0,41319.0,173.0,44.5,0 days 21:19:00
2001-03-29 01:37:00-12:00,30.17214,-42.04511,3.566,2680.0,41358.0,214.0,38.9,0 days 21:23:00
2001-03-29 01:39:00-12:00,30.17164,-42.04236,3.554,2672.0,41382.0,238.0,35.9,0 days 21:25:00
2001-03-29 01:40:00-12:00,30.17138,-42.04095,3.465,2605.0,41382.0,239.0,34.3,0 days 21:26:00
2001-03-29 01:42:00-12:00,30.17087,-42.03816,3.777,2840.0,41394.0,251.0,31.1,0 days 21:28:00
2001-03-29 01:43:00-12:00,30.1706,-42.03676,3.855,2898.0,41403.0,261.0,29.4,0 days 21:29:00
2001-03-29 01:46:00-12:00,30.16981,-42.03247,3.984,2996.0,41422.0,281.0,24.7,0 days 21:32:00
2001-03-29 01:48:00-12:00,30.16931,-42.02969,4.102,3085.0,41438.0,297.0,21.7,0 days 21:34:00
2001-03-29 01:49:00-12:00,30.16904,-42.02826,4.113,3094.0,41444.0,303.0,19.8,0 days 21:35:00
2001-03-29 01:50:00-12:00,30.16876,-42.0268,4.14,3114.0,41446.0,306.0,17.9,0 days 21:36:00
2001-03-29 01:51:00-12:00,30.16853,-42.02533,4.157,3127.0,41453.0,314.0,16.2,0 days 21:37:00
2001-03-29 01:52:00-12:00,30.16826,-42.02391,4.186,3149.0,41456.0,316.0,14.6,0 days 21:38:00
2001-03-29 01:53:00-12:00,30.16799,-42.02249,4.234,3186.0,41464.0,324.0,13.0,0 days 21:39:00
2001-03-29 01:54:00-12:00,30.16773,-42.02105,4.27,3212.0,41463.0,324.0,11.5,0 days 21:40:00
2001-03-29 01:55:00-12:00,30.16746,-42.01958,4.326,3254.0,41476.0,337.0,9.9,0 days 21:41:00
2001-03-29 01:56:00-12:00,30.16719,-42.01814,4.318,3248.0,41475.0,337.0,8.4,0 days 21:42:00
2001-03-29 01:57:00-12:00,30.16693,-42.01671,4.313,3245.0,41480.0,342.0,6.9,0 days 21:43:00
2001-03-29 01:58:00-12:00,30.16667,-42.01523,4.31,3242.0,41486.0,348.0,5.4,0 days 21:44:00
2001-03-29 01:59:00-12:00,30.16641,-42.01373,4.341,3267.0,41490.0,353.0,3.7,0 days 21:45:00
2001-03-29 02:00:00-12:00,30.16616,-42.01223,4.374,3291.0,41498.0,361.0,2.2,0 days 21:46:00
2001-03-29 02:10:00-12:00,30.1659,-42.01077,4.434,3337.0,41497.0,361.0,0.8,0 days 21:56:00
2001-03-29 02:20:00-12:00,30.16565,-42.00933,4.527,3407.0,41504.0,368.0,-2.1,0 days 22:06:00
2001-03-29 02:30:00-12:00,30.16539,-42.0079,4.656,3505.0,41507.0,372.0,-4.7,0 days 22:16:00
2001-03-29 02:40:00-12:00,30.16517,-42.00649,4.772,3594.0,41514.0,379.0,-7.5,0 days 22:26:00
