,LAT,LON,BAT_TTIME,CORR_DEPTH,MAG_TOT,MAG_RES,FREEAIR,DT
2001-10-11 19:31:00-12:00,-14.79342,71.3296,6.51,4902.0,46979.0,4611.0,13.5,0 days 00:00:00
2001-10-11 19:32:00-12:00,-14.79489,71.33201,6.48,4879.0,46983.0,4614.0,14.2,0 days 00:01:00
2001-10-11 19:33:00-12:00,-14.7963,71.33445,6.487,4884.0,46980.0,4609.0,12.4,0 days 00:01:00
2001-10-11 19:34:00-12:00,-14.79774,71.33694,6.48,4879.0,46980.0,4608.0,13.7,0 days 00:01:00
2001-10-11 19:35:00-12:00,-14.79918,71.33942,6.47,4871.0,46980.0,4606.0,9.4,0 days 00:01:00
2001-10-11 19:36:00-12:00,-14.80063,71.34191,6.48,4879.0,46977.0,4602.0,13.1,0 days 00:01:00
2001-10-11 19:38:00-12:00,-14.80348,71.34685,6.478,4877.0,46981.0,4603.0,13.1,0 days 00:02:00
2001-10-11 19:39:00-12:00,-14.80494,71.34932,6.484,4882.0,46982.0,4603.0,12.1,0 days 00:01:00
2001-10-11 19:40:00-12:00,-14.80637,71.35179,6.481,4880.0,46979.0,4599.0,12.6,0 days 00:01:00
2001-10-11 19:41:00-12:00,-14.80785,71.35427,6.488,4885.0,46980.0,4599.0,10.9,0 days 00:01:00
2001-10-11 19:42:00-12:00,-14.80933,71.35678,6.477,4877.0,46979.0,4596.0,10.6,0 days 00:01:00
2001-10-11 19:43:00-12:00,-14.81081,71.35927,6.477,4877.0,46980.0,4595.0,11.9,0 days 00:01:00
2001-10-11 19:44:00-12:00,-14.81227,71.36175,6.478,4877.0,46980.0,4594.0,14.0,0 days 00:01:00
2001-10-11 19:45:00-12:00,-14.81373,71.36421,6.452,4858.0,46980.0,4593.0,12.5,0 days 00:01:00
2001-10-11 19:46:00-12:00,-14.81517,71.36668,6.37,4795.0,46979.0,4591.0,13.3,0 days 00:01:00
2001-10-11 19:47:00-12:00,-14.81663,71.36915,6.161,4634.0,46980.0,4590.0,14.4,0 days 00:01:00
2001-10-11 19:48:00-12:00,-14.81806,71.37157,6.106,4593.0,46980.0,4589.0,14.6,0 days 00:01:00
2001-10-11 19:49:00-12:00,-14.81943,71.37403,6.028,4532.0,46980.0,4587.0,16.0,0 days 00:01:00
2001-10-11 19:51:00-12:00,-14.82234,71.37898,6.018,4525.0,46977.0,4582.0,15.4,0 days 00:02:00
2001-10-11 19:52:00-12:00,-14.82376,71.38148,6.156,4630.0,46978.0,4581.0,15.1,0 days 00:01:00
2001-10-11 19:53:00-12:00,-14.82519,71.38396,6.183,4651.0,46978.0,4581.0,13.5,0 days 00:01:00
2001-10-11 19:54:00-12:00,-14.82666,71.38646,6.207,4669.0,46980.0,4581.0,16.3,0 days 00:01:00
2001-10-11 19:55:00-12:00,-14.82813,71.38897,6.216,4676.0,46980.0,4580.0,15.0,0 days 00:01:00
2001-10-11 19:56:00-12:00,-14.8296,71.3915,6.298,4740.0,46977.0,4576.0,15.6,0 days 00:01:00
2001-10-11 19:58:00-12:00,-14.83248,71.39655,6.284,4728.0,42282.0,-122.0,14.3,0 days 00:02:00
2001-10-11 19:59:00-12:00,-14.83392,71.39909,6.348,4778.0,42284.0,-122.0,20.1,0 days 00:01:00
2001-10-11 20:00:00-12:00,-14.83533,71.40162,6.505,4899.0,42285.0,-122.0,15.3,0 days 00:01:00
2001-10-11 20:10:00-12:00,-14.85002,71.42688,6.549,4932.0,42349.0,-72.0,19.5,0 days 00:10:00
2001-10-11 20:11:00-12:00,-14.85151,71.42938,6.561,4942.0,42357.0,-65.0,22.1,0 days 00:01:00
2001-10-11 20:12:00-12:00,-14.85296,71.43182,6.553,4935.0,42359.0,-65.0,20.9,0 days 00:01:00
2001-10-11 20:13:00-12:00,-14.85443,71.43431,6.517,4908.0,42360.0,-65.0,19.8,0 days 00:01:00
2001-10-11 20:14:00-12:00,-14.85592,71.43678,6.428,4839.0,42365.0,-62.0,23.4,0 days 00:01:00
2001-10-11 20:15:00-12:00,-14.85738,71.43927,6.369,4794.0,42367.0,-61.0,21.4,0 days 00:01:00
2001-10-11 20:16:00-12:00,-14.85879,71.4418,6.337,4770.0,42370.0,-59.0,20.1,0 days 00:01:00
2001-10-11 20:17:00-12:00,-14.86024,71.44426,6.354,4783.0,42368.0,-62.0,21.5,0 days 00:01:00
2001-10-11 20:18:00-12:00,-14.86168,71.44674,6.333,4766.0,42365.0,-67.0,23.2,0 days 00:01:00
2001-10-11 20:19:00-12:00,-14.86314,71.44925,6.291,4734.0,42367.0,-66.0,23.1,0 days 00:01:00
2001-10-11 20:20:00-12:00,-14.86458,71.45175,6.224,4682.0,42381.0,-54.0,22.9,0 days 00:01:00
2001-10-11 20:21:00-12:00,-14.86602,71.45423,6.175,4645.0,42380.0,-56.0,24.6,0 days 00:01:00
2001-10-11 20:22:00-12:00,-14.86743,71.45668,6.198,4662.0,42394.0,-44.0,25.6,0 days 00:01:00
2001-10-11 20:23:00-12:00,-14.86886,71.45911,6.078,4570.0,42390.0,-48.0,24.5,0 days 00:01:00
2001-10-11 20:24:00-12:00,-14.87025,71.46155,6.006,4515.0,42394.0,-46.0,25.7,0 days 00:01:00
2001-10-11 20:25:00-12:00,-14.87165,71.46397,5.942,4466.0,42391.0,-50.0,28.2,0 days 00:01:00
2001-10-11 20:26:00-12:00,-14.87306,71.46645,5.85,4397.0,42404.0,-39.0,26.8,0 days 00:01:00
2001-10-11 20:27:00-12:00,-14.87446,71.46889,5.551,4168.0,42408.0,-36.0,22.7,0 days 00:01:00
2001-10-11 20:28:00-12:00,-14.87587,71.47142,5.517,4142.0,42411.0,-34.0,27.2,0 days 00:01:00
2001-10-11 20:29:00-12:00,-14.87729,71.47398,5.484,4117.0,42410.0,-36.0,26.2,0 days 00:01:00
2001-10-11 20:30:00-12:00,-14.8397,71.40918,6.547,4930.0,46980.0,4568.0,17.7,0 days 00:01:00
2001-10-11 20:34:00-12:00,-14.88466,71.48661,5.459,4098.0,42362.0,-91.0,28.1,0 days 00:04:00
2001-10-11 20:36:00-12:00,-14.88759,71.49161,5.448,4090.0,42408.0,-48.0,26.8,0 days 00:02:00
2001-10-11 20:37:00-12:00,-14.88905,71.4941,5.398,4051.0,42418.0,-39.0,28.0,0 days 00:01:00
2001-10-11 20:39:00-12:00,-14.89194,71.49913,5.58,4190.0,42426.0,-34.0,27.7,0 days 00:02:00
2001-10-11 20:40:00-12:00,-14.84118,71.41175,6.547,4930.0,46981.0,4568.0,20.8,0 days 00:01:00
2001-10-11 20:41:00-12:00,-14.89485,71.50414,5.773,4338.0,42438.0,-25.0,29.9,0 days 00:01:00
2001-10-11 20:42:00-12:00,-14.89632,71.50663,5.9,4434.0,42442.0,-22.0,28.8,0 days 00:01:00
2001-10-11 20:43:00-12:00,-14.8978,71.50911,6.034,4538.0,42445.0,-21.0,28.8,0 days 00:01:00
2001-10-11 20:44:00-12:00,-14.89926,71.51158,6.144,4621.0,42444.0,-22.0,27.1,0 days 00:01:00
2001-10-11 20:45:00-12:00,-14.90075,71.51409,6.177,4647.0,42446.0,-22.0,27.8,0 days 00:01:00
2001-10-11 20:46:00-12:00,-14.90221,71.51657,6.148,4624.0,42443.0,-26.0,30.0,0 days 00:01:00
2001-10-11 20:47:00-12:00,-14.90366,71.51904,6.046,4546.0,42444.0,-27.0,23.7,0 days 00:01:00
2001-10-11 20:48:00-12:00,-14.9051,71.52151,6.001,4512.0,42446.0,-26.0,28.6,0 days 00:01:00
2001-10-11 20:49:00-12:00,-14.90656,71.52403,6.04,4542.0,42447.0,-26.0,27.0,0 days 00:01:00
2001-10-11 20:50:00-12:00,-14.90803,71.52656,6.04,4542.0,42451.0,-24.0,26.7,0 days 00:01:00
2001-10-11 20:51:00-12:00,-14.9095,71.52907,6.057,4555.0,42452.0,-24.0,24.8,0 days 00:01:00
2001-10-11 20:52:00-12:00,-14.91094,71.53161,6.105,4592.0,42448.0,-30.0,26.5,0 days 00:01:00
2001-10-11 20:54:00-12:00,-14.9138,71.53663,6.137,4616.0,42459.0,-22.0,23.4,0 days 00:02:00
2001-10-11 20:55:00-12:00,-14.91519,71.53908,6.147,4623.0,42459.0,-23.0,23.2,0 days 00:01:00
2001-10-11 20:56:00-12:00,-14.9166,71.54155,6.185,4653.0,42459.0,-24.0,22.0,0 days 00:01:00
2001-10-11 20:57:00-12:00,-14.91801,71.54402,6.185,4653.0,42462.0,-22.0,25.8,0 days 00:01:00
2001-10-11 20:58:00-12:00,-14.9194,71.54647,6.216,4676.0,42465.0,-20.0,21.3,0 days 00:01:00
2001-10-11 20:59:00-12:00,-14.92083,71.54889,6.226,4684.0,42461.0,-26.0,21.4,0 days 00:01:00
2001-10-11 21:00:00-12:00,-14.9223,71.55134,6.206,4668.0,42472.0,-16.0,25.9,0 days 00:01:00
2001-10-11 21:10:00-12:00,-14.9364,71.57572,6.358,4785.0,42487.0,-14.0,21.7,0 days 00:10:00
2001-10-11 21:11:00-12:00,-14.93782,71.57817,6.329,4763.0,42493.0,-10.0,24.1,0 days 00:01:00
2001-10-11 21:12:00-12:00,-14.93925,71.58066,6.444,4852.0,42492.0,-12.0,19.8,0 days 00:01:00
2001-10-11 21:13:00-12:00,-14.94074,71.58309,6.465,4868.0,42494.0,-12.0,21.2,0 days 00:01:00
2001-10-11 21:14:00-12:00,-14.94215,71.58559,6.49,4887.0,42496.0,-11.0,17.7,0 days 00:01:00
2001-10-11 21:15:00-12:00,-14.94359,71.58804,6.638,5000.0,42496.0,-13.0,18.6,0 days 00:01:00
2001-10-11 21:16:00-12:00,-14.94504,71.59049,6.648,5009.0,42501.0,-9.0,20.6,0 days 00:01:00
2001-10-11 21:17:00-12:00,-14.9465,71.59291,6.67,5025.0,42502.0,-9.0,20.5,0 days 00:01:00
2001-10-11 21:18:00-12:00,-14.94794,71.59532,6.634,4998.0,42503.0,-10.0,21.4,0 days 00:01:00
2001-10-11 21:19:00-12:00,-14.94937,71.59773,6.668,5024.0,42503.0,-11.0,17.6,0 days 00:01:00
2001-10-11 21:20:00-12:00,-14.92509,71.55621,6.195,4660.0,42476.0,-15.0,23.0,0 days 00:01:00
2001-10-11 21:21:00-12:00,-14.9522,71.60264,6.688,5039.0,42507.0,-9.0,18.3,0 days 00:01:00
2001-10-11 21:22:00-12:00,-14.95362,71.60506,6.651,5011.0,42506.0,-12.0,18.5,0 days 00:01:00
2001-10-11 21:23:00-12:00,-14.95503,71.60752,6.662,5019.0,42507.0,-12.0,20.3,0 days 00:01:00
2001-10-11 21:24:00-12:00,-14.95641,71.60997,6.675,5029.0,42509.0,-12.0,18.6,0 days 00:01:00
2001-10-11 21:25:00-12:00,-14.95778,71.61238,6.675,5029.0,42509.0,-12.0,17.4,0 days 00:01:00
2001-10-11 21:26:00-12:00,-14.95919,71.61484,6.658,5017.0,42505.0,-18.0,20.2,0 days 00:01:00
2001-10-11 21:27:00-12:00,-14.96061,71.61728,6.647,5008.0,42506.0,-19.0,20.1,0 days 00:01:00
2001-10-11 21:28:00-12:00,-14.96204,71.61973,6.672,5027.0,42504.0,-22.0,18.7,0 days 00:01:00
2001-10-11 21:29:00-12:00,-14.96345,71.62216,6.61,4980.0,42501.0,-26.0,21.1,0 days 00:01:00
2001-10-11 21:30:00-12:00,-14.96482,71.62461,6.722,5066.0,42502.0,-26.0,21.6,0 days 00:01:00
2001-10-11 21:31:00-12:00,-14.9662,71.62703,6.718,5062.0,42502.0,-28.0,21.9,0 days 00:01:00
2001-10-11 21:32:00-12:00,-14.9676,71.62948,6.733,5074.0,42501.0,-30.0,21.1,0 days 00:01:00
2001-10-11 21:33:00-12:00,-14.96902,71.63182,6.724,5067.0,42500.0,-32.0,16.0,0 days 00:01:00
2001-10-11 21:34:00-12:00,-14.97041,71.6343,6.695,5044.0,42500.0,-34.0,17.8,0 days 00:01:00
2001-10-11 21:35:00-12:00,-14.97184,71.63679,6.596,4968.0,42497.0,-38.0,15.8,0 days 00:01:00
2001-10-11 21:36:00-12:00,-14.97329,71.63923,6.579,4955.0,42496.0,-40.0,20.7,0 days 00:01:00
2001-10-11 21:37:00-12:00,-14.97468,71.64168,6.564,4944.0,42494.0,-43.0,22.2,0 days 00:01:00
2001-10-11 21:38:00-12:00,-14.97608,71.6441,6.56,4941.0,42493.0,-46.0,21.4,0 days 00:01:00
2001-10-11 21:39:00-12:00,-14.97751,71.64652,6.521,4911.0,42491.0,-49.0,21.2,0 days 00:01:00
2001-10-11 21:40:00-12:00,-14.92791,71.56108,6.214,4674.0,42481.0,-13.0,22.5,0 days 00:01:00
2001-10-11 21:41:00-12:00,-14.98034,71.65138,6.373,4797.0,42488.0,-55.0,24.0,0 days 00:01:00
2001-10-11 21:42:00-12:00,-14.98176,71.65381,6.187,4654.0,42487.0,-58.0,21.8,0 days 00:01:00
2001-10-11 21:43:00-12:00,-14.98318,71.6562,6.196,4661.0,42485.0,-60.0,22.3,0 days 00:01:00
2001-10-11 21:44:00-12:00,-14.98453,71.65858,6.16,4633.0,42484.0,-63.0,23.5,0 days 00:01:00
2001-10-11 21:45:00-12:00,-14.98596,71.66095,6.161,4634.0,42485.0,-63.0,25.5,0 days 00:01:00
2001-10-11 21:46:00-12:00,-14.9874,71.66341,6.161,4634.0,42482.0,-68.0,23.6,0 days 00:01:00
2001-10-11 21:47:00-12:00,-14.98883,71.66584,6.102,4589.0,42482.0,-68.0,21.4,0 days 00:01:00
2001-10-11 21:48:00-12:00,-14.99023,71.66827,6.107,4593.0,42482.0,-70.0,23.7,0 days 00:01:00
2001-10-11 21:49:00-12:00,-14.99165,71.67071,6.058,4556.0,42482.0,-72.0,23.6,0 days 00:01:00
2001-10-11 21:50:00-12:00,-14.99313,71.67318,6.018,4525.0,42482.0,-72.0,24.0,0 days 00:01:00
2001-10-11 21:51:00-12:00,-14.99459,71.6757,5.992,4505.0,42484.0,-72.0,21.7,0 days 00:01:00
2001-10-11 21:52:00-12:00,-14.99604,71.67816,5.965,4484.0,42487.0,-71.0,24.2,0 days 00:01:00
2001-10-11 21:53:00-12:00,-14.99752,71.68064,6.065,4561.0,42489.0,-70.0,23.9,0 days 00:01:00
2001-10-11 21:54:00-12:00,-14.9989,71.68313,6.03,4533.0,42492.0,-68.0,26.9,0 days 00:01:00
2001-10-11 21:55:00-12:00,-15.00034,71.68557,6.119,4602.0,42496.0,-66.0,24.1,0 days 00:01:00
2001-10-11 21:56:00-12:00,-15.0018,71.68804,6.149,4625.0,42501.0,-62.0,23.5,0 days 00:01:00
2001-10-11 21:57:00-12:00,-15.00318,71.69054,6.194,4660.0,42505.0,-59.0,26.2,0 days 00:01:00
2001-10-11 21:58:00-12:00,-15.00462,71.69298,6.252,4704.0,42512.0,-53.0,24.7,0 days 00:01:00
2001-10-11 21:59:00-12:00,-15.00604,71.69548,6.252,4704.0,42517.0,-49.0,27.2,0 days 00:01:00
2001-10-11 22:00:00-12:00,-15.00745,71.69787,6.362,4789.0,42527.0,-41.0,23.5,0 days 00:01:00
2001-10-11 22:10:00-12:00,-15.00888,71.70032,6.365,4791.0,42531.0,-38.0,25.0,0 days 00:10:00
2001-10-11 22:11:00-12:00,-15.02306,71.72477,6.83,5148.0,42613.0,31.0,20.9,0 days 00:01:00
2001-10-11 22:12:00-12:00,-15.02452,71.72723,6.647,5008.0,42618.0,34.0,22.1,0 days 00:01:00
2001-10-11 22:13:00-12:00,-15.02594,71.72971,6.636,4999.0,42626.0,40.0,23.8,0 days 00:01:00
2001-10-11 22:14:00-12:00,-15.02731,71.73226,6.648,5009.0,42629.0,42.0,19.6,0 days 00:01:00
2001-10-11 22:15:00-12:00,-15.02869,71.73474,6.734,5074.0,42635.0,47.0,22.1,0 days 00:01:00
2001-10-11 22:16:00-12:00,-15.03014,71.73718,6.714,5060.0,42638.0,48.0,23.0,0 days 00:01:00
2001-10-11 22:17:00-12:00,-15.03151,71.73964,6.712,5058.0,42642.0,51.0,23.5,0 days 00:01:00
2001-10-11 22:18:00-12:00,-15.03295,71.74196,6.71,5056.0,42644.0,52.0,19.5,0 days 00:01:00
2001-10-11 22:19:00-12:00,-15.03435,71.74441,6.672,5027.0,42645.0,52.0,22.0,0 days 00:01:00
2001-10-11 22:20:00-12:00,-15.01027,71.70273,6.442,4851.0,42540.0,-30.0,27.3,0 days 00:01:00
2001-10-11 22:21:00-12:00,-15.03722,71.74916,6.711,5057.0,42650.0,54.0,21.8,0 days 00:01:00
2001-10-11 22:22:00-12:00,-15.03864,71.75161,6.71,5056.0,42651.0,54.0,20.7,0 days 00:01:00
2001-10-11 22:23:00-12:00,-15.04011,71.75405,6.692,5042.0,42652.0,54.0,20.4,0 days 00:01:00
2001-10-11 22:24:00-12:00,-15.04155,71.75652,6.66,5018.0,42651.0,51.0,19.1,0 days 00:01:00
2001-10-11 22:25:00-12:00,-15.04299,71.75895,6.658,5017.0,42652.0,50.0,20.3,0 days 00:01:00
2001-10-11 22:26:00-12:00,-15.04437,71.76145,6.654,5013.0,42652.0,50.0,21.7,0 days 00:01:00
2001-10-11 22:27:00-12:00,-15.0458,71.7639,6.611,4980.0,42652.0,48.0,24.2,0 days 00:01:00
2001-10-11 22:28:00-12:00,-15.04721,71.76634,6.537,4923.0,42652.0,47.0,21.4,0 days 00:01:00
2001-10-11 22:29:00-12:00,-15.0486,71.76879,6.455,4860.0,42651.0,44.0,21.8,0 days 00:01:00
2001-10-11 22:30:00-12:00,-15.01173,71.70517,6.457,4862.0,42550.0,-22.0,24.5,0 days 00:01:00
2001-10-11 22:31:00-12:00,-15.05143,71.77368,6.222,4680.0,42648.0,39.0,25.2,0 days 00:01:00
2001-10-11 22:32:00-12:00,-15.05281,71.77611,6.187,4654.0,42645.0,35.0,22.8,0 days 00:01:00
2001-10-11 22:33:00-12:00,-15.05421,71.77852,6.194,4660.0,42640.0,28.0,23.4,0 days 00:01:00
2001-10-11 22:34:00-12:00,-15.0556,71.78092,6.207,4669.0,42636.0,22.0,26.2,0 days 00:01:00
2001-10-11 22:35:00-12:00,-15.05697,71.78332,6.204,4667.0,42633.0,18.0,25.2,0 days 00:01:00
2001-10-11 22:36:00-12:00,-15.05833,71.78571,6.22,4679.0,42630.0,14.0,23.3,0 days 00:01:00
2001-10-11 22:37:00-12:00,-15.0597,71.78809,6.234,4691.0,42625.0,7.0,26.5,0 days 00:01:00
2001-10-11 22:38:00-12:00,-15.06112,71.79048,6.215,4675.0,42620.0,2.0,26.7,0 days 00:01:00
2001-10-11 22:39:00-12:00,-15.06255,71.7929,6.221,4680.0,42615.0,-5.0,28.0,0 days 00:01:00
2001-10-11 22:40:00-12:00,-15.06394,71.79535,6.24,4695.0,42608.0,-13.0,25.3,0 days 00:01:00
2001-10-11 22:41:00-12:00,-15.06532,71.79775,6.183,4651.0,42602.0,-20.0,28.2,0 days 00:01:00
2001-10-11 22:42:00-12:00,-15.06673,71.80015,6.175,4645.0,42599.0,-25.0,27.8,0 days 00:01:00
2001-10-11 22:43:00-12:00,-15.06815,71.80259,6.121,4604.0,42594.0,-32.0,26.7,0 days 00:01:00
2001-10-11 22:44:00-12:00,-15.06959,71.80503,6.119,4602.0,42589.0,-37.0,26.0,0 days 00:01:00
2001-10-11 22:45:00-12:00,-15.07102,71.80747,6.109,4595.0,42586.0,-42.0,27.0,0 days 00:01:00
2001-10-11 22:46:00-12:00,-15.07245,71.80985,6.119,4602.0,42580.0,-49.0,25.4,0 days 00:01:00
2001-10-11 22:47:00-12:00,-15.07388,71.81227,6.2,4664.0,42578.0,-53.0,27.8,0 days 00:01:00
2001-10-11 22:48:00-12:00,-15.07531,71.81474,6.216,4676.0,42576.0,-56.0,25.3,0 days 00:01:00
2001-10-11 22:49:00-12:00,-15.07672,71.81714,6.294,4736.0,42573.0,-60.0,29.0,0 days 00:01:00
2001-10-11 22:50:00-12:00,-15.01456,71.71009,6.424,4836.0,42566.0,-9.0,22.6,0 days 00:01:00
2001-10-11 22:51:00-12:00,-15.07953,71.82201,6.525,4914.0,42571.0,-64.0,24.1,0 days 00:01:00
2001-10-11 22:52:00-12:00,-15.08094,71.82445,6.545,4929.0,42571.0,-66.0,28.1,0 days 00:01:00
2001-10-11 22:53:00-12:00,-15.08237,71.82685,6.568,4947.0,42572.0,-67.0,26.3,0 days 00:01:00
2001-10-11 22:54:00-12:00,-15.08374,71.82934,6.628,4993.0,42573.0,-67.0,28.6,0 days 00:01:00
2001-10-11 22:55:00-12:00,-15.08516,71.83179,6.637,5000.0,42577.0,-64.0,29.4,0 days 00:01:00
2001-10-11 22:56:00-12:00,-15.08657,71.83422,6.656,5015.0,42581.0,-62.0,29.5,0 days 00:01:00
2001-10-11 22:57:00-12:00,-15.08797,71.83662,6.62,4987.0,42587.0,-57.0,29.6,0 days 00:01:00
2001-10-11 22:58:00-12:00,-15.0894,71.83899,6.647,5008.0,42593.0,-52.0,30.0,0 days 00:01:00
2001-10-11 22:59:00-12:00,-15.0907,71.84137,6.638,5000.0,42600.0,-46.0,32.9,0 days 00:01:00
2001-10-11 23:00:00-12:00,-15.09209,71.84376,6.366,4791.0,42608.0,-40.0,32.6,0 days 00:01:00
2001-10-11 23:10:00-12:00,-15.10618,71.86827,5.896,4431.0,42713.0,52.0,46.6,0 days 00:10:00
2001-10-11 23:11:00-12:00,-15.10764,71.87071,5.696,4278.0,42726.0,64.0,47.6,0 days 00:01:00
2001-10-11 23:12:00-12:00,-15.10904,71.87317,5.567,4180.0,42738.0,74.0,48.2,0 days 00:01:00
2001-10-11 23:13:00-12:00,-15.11044,71.8756,5.523,4146.0,42746.0,81.0,53.1,0 days 00:01:00
2001-10-11 23:14:00-12:00,-15.11186,71.87801,5.476,4111.0,42752.0,86.0,50.6,0 days 00:01:00
2001-10-11 23:15:00-12:00,-15.11329,71.88041,5.451,4092.0,42760.0,92.0,51.8,0 days 00:01:00
2001-10-11 23:16:00-12:00,-15.11472,71.8828,5.438,4082.0,42771.0,102.0,54.8,0 days 00:01:00
2001-10-11 23:17:00-12:00,-15.11614,71.88518,5.407,4058.0,42781.0,111.0,56.2,0 days 00:01:00
2001-10-11 23:18:00-12:00,-15.11758,71.88758,5.353,4017.0,42789.0,117.0,59.8,0 days 00:01:00
2001-10-11 23:19:00-12:00,-15.11893,71.88997,5.329,3999.0,42795.0,122.0,60.2,0 days 00:01:00
2001-10-11 23:20:00-12:00,-15.12032,71.8923,5.296,3974.0,42800.0,126.0,60.7,0 days 00:01:00
2001-10-11 23:21:00-12:00,-15.12167,71.8947,5.224,3919.0,42806.0,131.0,62.7,0 days 00:01:00
2001-10-11 23:22:00-12:00,-15.12305,71.89707,5.168,3877.0,42812.0,135.0,63.8,0 days 00:01:00
2001-10-11 23:23:00-12:00,-15.12447,71.89944,5.192,3895.0,42816.0,138.0,62.7,0 days 00:01:00
2001-10-11 23:24:00-12:00,-15.12581,71.90186,5.218,3915.0,42822.0,142.0,65.2,0 days 00:01:00
2001-10-11 23:25:00-12:00,-15.12721,71.90424,5.202,3903.0,42826.0,146.0,64.4,0 days 00:01:00
2001-10-11 23:26:00-12:00,-15.1286,71.90668,5.184,3889.0,42830.0,148.0,67.6,0 days 00:01:00
2001-10-11 23:27:00-12:00,-15.13002,71.9091,5.16,3870.0,42833.0,150.0,67.1,0 days 00:01:00
2001-10-11 23:28:00-12:00,-15.13143,71.9115,5.014,3759.0,42835.0,151.0,69.5,0 days 00:01:00
2001-10-11 23:29:00-12:00,-15.13283,71.91391,4.974,3728.0,42837.0,151.0,70.8,0 days 00:01:00
2001-10-11 23:30:00-12:00,-15.13423,71.91633,4.908,3679.0,42840.0,152.0,70.1,0 days 00:01:00
2001-10-11 23:31:00-12:00,-15.13565,71.91872,4.801,3598.0,42840.0,151.0,71.9,0 days 00:01:00
2001-10-11 23:32:00-12:00,-15.13699,71.92115,4.762,3569.0,42837.0,148.0,68.6,0 days 00:01:00
2001-10-11 23:33:00-12:00,-15.13838,71.92357,4.707,3526.0,42835.0,144.0,72.2,0 days 00:01:00
2001-10-11 23:34:00-12:00,-15.13979,71.92597,4.718,3534.0,42832.0,139.0,73.9,0 days 00:01:00
2001-10-11 23:35:00-12:00,-15.14114,71.92836,4.733,3546.0,42830.0,136.0,72.2,0 days 00:01:00
2001-10-11 23:36:00-12:00,-15.1425,71.93074,4.786,3587.0,42827.0,132.0,70.5,0 days 00:01:00
2001-10-11 23:37:00-12:00,-15.14388,71.93316,4.901,3674.0,42822.0,126.0,68.3,0 days 00:01:00
2001-10-11 23:38:00-12:00,-15.14524,71.93556,4.876,3655.0,42821.0,123.0,73.6,0 days 00:01:00
2001-10-11 23:39:00-12:00,-15.1467,71.93806,4.895,3669.0,42817.0,118.0,71.4,0 days 00:01:00
2001-10-11 23:40:00-12:00,-15.09766,71.85351,6.203,4666.0,42656.0,3.0,36.7,0 days 00:01:00
2001-10-11 23:41:00-12:00,-15.14941,71.94282,4.941,3704.0,42811.0,110.0,69.4,0 days 00:01:00
2001-10-11 23:42:00-12:00,-15.15083,71.94516,4.953,3713.0,42808.0,106.0,67.2,0 days 00:01:00
2001-10-11 23:43:00-12:00,-15.15225,71.94761,4.992,3742.0,42802.0,98.0,67.4,0 days 00:01:00
2001-10-11 23:44:00-12:00,-15.15367,71.95001,5.114,3836.0,42799.0,93.0,62.2,0 days 00:01:00
2001-10-11 23:45:00-12:00,-15.15505,71.95241,5.209,3908.0,42795.0,88.0,66.3,0 days 00:01:00
2001-10-11 23:46:00-12:00,-15.15644,71.95481,5.347,4012.0,42790.0,82.0,62.3,0 days 00:01:00
2001-10-11 23:47:00-12:00,-15.15784,71.95718,5.342,4008.0,42788.0,78.0,61.8,0 days 00:01:00
2001-10-11 23:48:00-12:00,-15.15921,71.95955,5.487,4119.0,42785.0,74.0,61.7,0 days 00:01:00
2001-10-11 23:49:00-12:00,-15.16058,71.96195,5.464,4102.0,42783.0,71.0,61.0,0 days 00:01:00
2001-10-11 23:50:00-12:00,-15.16197,71.96436,5.57,4183.0,42780.0,67.0,59.1,0 days 00:01:00
2001-10-11 23:51:00-12:00,-15.1634,71.96679,5.622,4221.0,42777.0,62.0,54.2,0 days 00:01:00
2001-10-11 23:52:00-12:00,-15.16483,71.96921,5.755,4323.0,42775.0,59.0,54.2,0 days 00:01:00
2001-10-11 23:53:00-12:00,-15.16626,71.9716,5.807,4363.0,42770.0,53.0,55.1,0 days 00:01:00
2001-10-11 23:54:00-12:00,-15.16766,71.97399,5.888,4425.0,42766.0,47.0,52.5,0 days 00:01:00
2001-10-11 23:55:00-12:00,-15.16911,71.9764,6.001,4512.0,42764.0,44.0,52.3,0 days 00:01:00
2001-10-11 23:56:00-12:00,-15.17048,71.97883,6.004,4514.0,42762.0,41.0,50.2,0 days 00:01:00
2001-10-11 23:57:00-12:00,-15.17192,71.98125,6.14,4618.0,42762.0,39.0,49.5,0 days 00:01:00
2001-10-11 23:58:00-12:00,-15.17327,71.98365,6.104,4591.0,42762.0,38.0,47.9,0 days 00:01:00
2001-10-11 23:59:00-12:00,-15.17468,71.98604,6.09,4580.0,42762.0,36.0,48.0,0 days 00:01:00
2001-10-12 00:00:00-12:00,-15.17606,71.98844,6.106,4593.0,42763.0,37.0,47.1,0 days 00:01:00
2001-10-12 00:10:00-12:00,-15.19024,72.01294,6.222,4680.0,42775.0,39.0,35.6,0 days 00:10:00
2001-10-12 00:11:00-12:00,-15.19163,72.01539,6.173,4644.0,42776.0,39.0,31.3,0 days 00:01:00
2001-10-12 00:12:00-12:00,-15.19302,72.01786,6.148,4624.0,42779.0,40.0,31.5,0 days 00:01:00
2001-10-12 00:13:00-12:00,-15.19445,72.02033,6.076,4569.0,42781.0,41.0,27.9,0 days 00:01:00
2001-10-12 00:14:00-12:00,-15.19585,72.02278,6.06,4557.0,42785.0,44.0,29.8,0 days 00:01:00
2001-10-12 00:15:00-12:00,-15.19727,72.02526,6.036,4539.0,42795.0,52.0,27.6,0 days 00:01:00
2001-10-12 00:16:00-12:00,-15.19868,72.02776,6.001,4512.0,42801.0,57.0,23.5,0 days 00:01:00
2001-10-12 00:17:00-12:00,-15.20017,72.03021,5.973,4491.0,42801.0,56.0,27.5,0 days 00:01:00
2001-10-12 00:18:00-12:00,-15.20159,72.03267,5.922,4452.0,42799.0,53.0,24.4,0 days 00:01:00
2001-10-12 00:19:00-12:00,-15.20302,72.03515,5.9,4434.0,42800.0,52.0,24.0,0 days 00:01:00
2001-10-12 00:20:00-12:00,-15.17882,71.99321,6.206,4668.0,42761.0,32.0,43.1,0 days 00:01:00
2001-10-12 00:21:00-12:00,-15.20593,72.04021,5.9,4434.0,42813.0,62.0,20.3,0 days 00:01:00
2001-10-12 00:22:00-12:00,-15.20741,72.04272,5.951,4473.0,42813.0,61.0,20.6,0 days 00:01:00
2001-10-12 00:23:00-12:00,-15.2089,72.04524,6.153,4628.0,42814.0,60.0,16.9,0 days 00:01:00
2001-10-12 00:24:00-12:00,-15.21037,72.04778,6.119,4602.0,42814.0,60.0,18.7,0 days 00:01:00
2001-10-12 00:25:00-12:00,-15.21188,72.05034,6.343,4774.0,42816.0,60.0,17.2,0 days 00:01:00
2001-10-12 00:26:00-12:00,-15.21337,72.0529,6.44,4849.0,42816.0,59.0,13.9,0 days 00:01:00
2001-10-12 00:27:00-12:00,-15.21486,72.0554,6.484,4882.0,42816.0,57.0,16.1,0 days 00:01:00
2001-10-12 00:28:00-12:00,-15.21633,72.05791,6.516,4907.0,42813.0,53.0,14.7,0 days 00:01:00
2001-10-12 00:29:00-12:00,-15.21784,72.06045,6.547,4930.0,42812.0,51.0,13.7,0 days 00:01:00
2001-10-12 00:30:00-12:00,-15.21927,72.06299,6.547,4930.0,42810.0,47.0,13.6,0 days 00:01:00
2001-10-12 00:31:00-12:00,-15.22073,72.06549,6.727,5069.0,42807.0,43.0,12.4,0 days 00:01:00
2001-10-12 00:32:00-12:00,-15.2222,72.06797,6.728,5070.0,42803.0,38.0,11.9,0 days 00:01:00
2001-10-12 00:33:00-12:00,-15.22356,72.07046,6.96,5249.0,42800.0,32.0,13.0,0 days 00:01:00
2001-10-12 00:34:00-12:00,-15.22497,72.0729,6.854,5166.0,42795.0,26.0,11.2,0 days 00:01:00
2001-10-12 00:35:00-12:00,-15.22637,72.07534,6.878,5185.0,42792.0,22.0,9.4,0 days 00:01:00
2001-10-12 00:36:00-12:00,-15.2278,72.07782,6.902,5203.0,42786.0,15.0,8.9,0 days 00:01:00
2001-10-12 00:37:00-12:00,-15.22919,72.08028,6.902,5203.0,42781.0,9.0,7.7,0 days 00:01:00
2001-10-12 00:38:00-12:00,-15.23058,72.08279,7.272,5490.0,42775.0,2.0,7.9,0 days 00:01:00
2001-10-12 00:39:00-12:00,-15.23205,72.08524,6.928,5224.0,42771.0,-4.0,7.0,0 days 00:01:00
2001-10-12 00:40:00-12:00,-15.23346,72.0877,7.134,5382.0,42766.0,-10.0,8.6,0 days 00:01:00
2001-10-12 00:41:00-12:00,-15.2349,72.0902,7.12,5372.0,42762.0,-16.0,8.3,0 days 00:01:00
2001-10-12 00:42:00-12:00,-15.23631,72.09267,7.173,5413.0,42755.0,-24.0,6.2,0 days 00:01:00
2001-10-12 00:43:00-12:00,-15.2378,72.09513,7.171,5411.0,42748.0,-32.0,9.1,0 days 00:01:00
2001-10-12 00:44:00-12:00,-15.23926,72.0976,7.19,5426.0,42744.0,-37.0,5.1,0 days 00:01:00
2001-10-12 00:45:00-12:00,-15.24073,72.10011,7.185,5423.0,42740.0,-43.0,4.5,0 days 00:01:00
2001-10-12 00:46:00-12:00,-15.24219,72.1026,7.185,5423.0,42737.0,-48.0,3.6,0 days 00:01:00
2001-10-12 00:47:00-12:00,-15.24362,72.10508,7.175,5414.0,42734.0,-52.0,4.9,0 days 00:01:00
2001-10-12 00:48:00-12:00,-15.24509,72.10756,7.161,5404.0,42731.0,-56.0,8.3,0 days 00:01:00
2001-10-12 00:49:00-12:00,-15.2465,72.11002,7.075,5337.0,42729.0,-59.0,5.0,0 days 00:01:00
2001-10-12 00:50:00-12:00,-15.18308,72.00057,6.438,4847.0,42767.0,38.0,37.3,0 days 00:01:00
2001-10-12 00:51:00-12:00,-15.24936,72.11494,7.04,5310.0,42731.0,-60.0,7.0,0 days 00:01:00
2001-10-12 00:52:00-12:00,-15.25083,72.11742,6.86,5171.0,42728.0,-64.0,7.4,0 days 00:01:00
2001-10-12 00:53:00-12:00,-15.25231,72.11991,6.794,5121.0,42728.0,-66.0,8.5,0 days 00:01:00
2001-10-12 00:54:00-12:00,-15.25375,72.12248,6.747,5084.0,42727.0,-68.0,4.4,0 days 00:01:00
2001-10-12 00:55:00-12:00,-15.25525,72.12501,6.691,5041.0,42729.0,-68.0,5.2,0 days 00:01:00
2001-10-12 00:56:00-12:00,-15.25673,72.12758,6.672,5027.0,42729.0,-69.0,4.7,0 days 00:01:00
2001-10-12 00:57:00-12:00,-15.25823,72.13011,6.637,5000.0,42732.0,-68.0,4.9,0 days 00:01:00
2001-10-12 00:58:00-12:00,-15.25969,72.13267,6.603,4974.0,42732.0,-69.0,3.8,0 days 00:01:00
2001-10-12 00:59:00-12:00,-15.26117,72.13526,6.458,4863.0,42732.0,-70.0,5.9,0 days 00:01:00
2001-10-12 01:00:00-12:00,-15.26262,72.13777,6.507,4900.0,42731.0,-72.0,6.8,0 days 00:01:00
2001-10-12 01:10:00-12:00,-15.27741,72.16332,7.672,5800.0,42724.0,-94.0,9.3,0 days 00:10:00
2001-10-12 01:11:00-12:00,-15.27888,72.16587,7.684,5810.0,42722.0,-97.0,3.5,0 days 00:01:00
2001-10-12 01:12:00-12:00,-15.28034,72.16842,7.728,5844.0,42722.0,-99.0,5.3,0 days 00:01:00
2001-10-12 01:13:00-12:00,-15.28183,72.17095,7.765,5873.0,42722.0,-100.0,8.1,0 days 00:01:00
2001-10-12 01:14:00-12:00,-15.28332,72.17355,7.725,5842.0,42721.0,-102.0,7.2,0 days 00:01:00
2001-10-12 01:15:00-12:00,-15.28479,72.17611,7.638,5773.0,42722.0,-102.0,8.1,0 days 00:01:00
2001-10-12 01:16:00-12:00,-15.28629,72.17863,7.558,5711.0,42722.0,-104.0,8.6,0 days 00:01:00
2001-10-12 01:17:00-12:00,-15.28778,72.18122,7.47,5642.0,42722.0,-105.0,10.8,0 days 00:01:00
2001-10-12 01:18:00-12:00,-15.28927,72.18378,7.365,5562.0,42723.0,-106.0,11.3,0 days 00:01:00
2001-10-12 01:19:00-12:00,-15.29073,72.18634,7.151,5396.0,42725.0,-105.0,9.3,0 days 00:01:00
2001-10-12 01:20:00-12:00,-15.29221,72.18889,7.0,5280.0,42727.0,-105.0,11.4,0 days 00:01:00
2001-10-12 01:21:00-12:00,-15.29367,72.19144,7.013,5290.0,42730.0,-103.0,10.1,0 days 00:01:00
2001-10-12 01:22:00-12:00,-15.29513,72.194,6.971,5257.0,42734.0,-100.0,11.9,0 days 00:01:00
2001-10-12 01:23:00-12:00,-15.29658,72.19653,6.962,5251.0,42737.0,-98.0,12.5,0 days 00:01:00
2001-10-12 01:24:00-12:00,-15.29808,72.19912,6.93,5226.0,42744.0,-93.0,15.3,0 days 00:01:00
2001-10-12 01:25:00-12:00,-15.2996,72.20174,6.937,5231.0,42750.0,-89.0,15.3,0 days 00:01:00
2001-10-12 01:26:00-12:00,-15.30109,72.20434,6.869,5179.0,42755.0,-85.0,12.9,0 days 00:01:00
2001-10-12 01:27:00-12:00,-15.30261,72.20697,6.731,5072.0,42760.0,-81.0,17.1,0 days 00:01:00
2001-10-12 01:28:00-12:00,-15.30411,72.2096,6.716,5061.0,42764.0,-79.0,14.0,0 days 00:01:00
2001-10-12 01:29:00-12:00,-15.30565,72.21221,6.676,5030.0,42772.0,-72.0,16.1,0 days 00:01:00
2001-10-12 01:30:00-12:00,-15.30711,72.21478,6.643,5004.0,42776.0,-69.0,17.6,0 days 00:01:00
2001-10-12 01:31:00-12:00,-15.30858,72.21732,6.575,4952.0,42782.0,-65.0,18.9,0 days 00:01:00
2001-10-12 01:32:00-12:00,-15.31006,72.21986,6.497,4892.0,42787.0,-61.0,22.5,0 days 00:01:00
2001-10-12 01:33:00-12:00,-15.31158,72.22245,6.434,4845.0,42793.0,-57.0,19.5,0 days 00:01:00
2001-10-12 01:34:00-12:00,-15.31308,72.22502,6.342,4773.0,42798.0,-53.0,21.1,0 days 00:01:00
2001-10-12 01:35:00-12:00,-15.31458,72.22759,6.24,4695.0,42804.0,-49.0,19.2,0 days 00:01:00
2001-10-12 01:36:00-12:00,-15.31613,72.23018,6.149,4625.0,42812.0,-42.0,18.8,0 days 00:01:00
2001-10-12 01:37:00-12:00,-15.31766,72.2328,6.089,4579.0,42816.0,-39.0,21.6,0 days 00:01:00
2001-10-12 01:38:00-12:00,-15.31921,72.23539,6.016,4523.0,42819.0,-38.0,21.1,0 days 00:01:00
2001-10-12 01:39:00-12:00,-15.32074,72.23801,5.959,4479.0,42824.0,-34.0,20.8,0 days 00:01:00
2001-10-12 01:40:00-12:00,-15.26846,72.14787,7.063,5328.0,42730.0,-80.0,4.6,0 days 00:01:00
2001-10-12 01:41:00-12:00,-15.32375,72.2432,5.917,4448.0,42836.0,-25.0,23.5,0 days 00:01:00
2001-10-12 01:42:00-12:00,-15.32523,72.2458,5.97,4489.0,42838.0,-24.0,23.8,0 days 00:01:00
2001-10-12 01:43:00-12:00,-15.32675,72.24837,5.957,4478.0,42844.0,-20.0,21.1,0 days 00:01:00
2001-10-12 01:44:00-12:00,-15.32825,72.25091,5.981,4497.0,42850.0,-15.0,17.2,0 days 00:01:00
2001-10-12 01:45:00-12:00,-15.32972,72.25354,6.074,4568.0,42853.0,-14.0,19.5,0 days 00:01:00
2001-10-12 01:46:00-12:00,-15.33121,72.25614,5.997,4509.0,42856.0,-13.0,20.4,0 days 00:01:00
2001-10-12 01:47:00-12:00,-15.33271,72.25868,6.127,4608.0,42860.0,-10.0,19.9,0 days 00:01:00
2001-10-12 01:48:00-12:00,-15.33419,72.26122,6.256,4707.0,42863.0,-8.0,19.6,0 days 00:01:00
2001-10-12 01:49:00-12:00,-15.33566,72.26378,6.295,4737.0,42867.0,-5.0,18.0,0 days 00:01:00
2001-10-12 01:50:00-12:00,-15.26993,72.15046,7.047,5316.0,42729.0,-82.0,5.8,0 days 00:01:00
2001-10-12 01:51:00-12:00,-15.33862,72.26889,6.834,5152.0,42873.0,-2.0,15.9,0 days 00:01:00
2001-10-12 01:52:00-12:00,-15.3401,72.27141,6.777,5108.0,42877.0,0.0,15.2,0 days 00:01:00
2001-10-12 01:53:00-12:00,-15.34152,72.27393,7.003,5282.0,42878.0,0.0,16.6,0 days 00:01:00
2001-10-12 01:54:00-12:00,-15.34298,72.27648,7.014,5290.0,42881.0,2.0,14.3,0 days 00:01:00
2001-10-12 01:55:00-12:00,-15.34445,72.27905,7.162,5405.0,42882.0,2.0,14.1,0 days 00:01:00
2001-10-12 01:56:00-12:00,-15.34596,72.28165,7.22,5449.0,42883.0,1.0,11.1,0 days 00:01:00
2001-10-12 01:57:00-12:00,-15.34742,72.28421,7.226,5455.0,42884.0,1.0,11.8,0 days 00:01:00
2001-10-12 01:58:00-12:00,-15.3489,72.28678,7.224,5453.0,42887.0,2.0,12.6,0 days 00:01:00
2001-10-12 01:59:00-12:00,-15.35034,72.28933,7.217,5447.0,42889.0,2.0,10.8,0 days 00:01:00
2001-10-12 02:00:00-12:00,-15.3518,72.29183,7.237,5463.0,42890.0,3.0,11.0,0 days 00:01:00
2001-10-12 02:10:00-12:00,-15.36664,72.31744,6.953,5243.0,42884.0,-18.0,7.3,0 days 00:10:00
2001-10-12 02:11:00-12:00,-15.36813,72.32005,7.104,5360.0,42883.0,-20.0,6.5,0 days 00:01:00
2001-10-12 02:12:00-12:00,-15.36963,72.32265,7.114,5368.0,42882.0,-23.0,6.4,0 days 00:01:00
2001-10-12 02:13:00-12:00,-15.37113,72.32523,7.186,5424.0,42881.0,-25.0,6.8,0 days 00:01:00
2001-10-12 02:14:00-12:00,-15.37262,72.32783,7.155,5399.0,42879.0,-29.0,5.7,0 days 00:01:00
2001-10-12 02:15:00-12:00,-15.37413,72.33046,7.107,5362.0,42875.0,-34.0,5.2,0 days 00:01:00
2001-10-12 02:16:00-12:00,-15.37566,72.33305,7.075,5337.0,42870.0,-40.0,4.8,0 days 00:01:00
2001-10-12 02:17:00-12:00,-15.37715,72.33564,6.909,5209.0,42868.0,-44.0,4.9,0 days 00:01:00
2001-10-12 02:18:00-12:00,-15.37862,72.3382,6.846,5160.0,42865.0,-48.0,6.4,0 days 00:01:00
2001-10-12 02:19:00-12:00,-15.38012,72.34078,6.788,5116.0,42862.0,-52.0,6.8,0 days 00:01:00
2001-10-12 02:20:00-12:00,-15.38162,72.34335,6.785,5114.0,42860.0,-56.0,7.0,0 days 00:01:00
2001-10-12 02:21:00-12:00,-15.38319,72.34601,6.933,5228.0,42858.0,-59.0,4.9,0 days 00:01:00
2001-10-12 02:22:00-12:00,-15.38479,72.34869,7.004,5283.0,42856.0,-63.0,4.8,0 days 00:01:00
2001-10-12 02:23:00-12:00,-15.38631,72.35132,6.974,5259.0,42853.0,-67.0,8.2,0 days 00:01:00
2001-10-12 02:24:00-12:00,-15.38784,72.3539,7.013,5290.0,42851.0,-70.0,4.1,0 days 00:01:00
2001-10-12 02:25:00-12:00,-15.38935,72.35652,7.034,5306.0,42849.0,-74.0,7.4,0 days 00:01:00
2001-10-12 02:26:00-12:00,-15.39087,72.3591,7.049,5318.0,42849.0,-76.0,7.7,0 days 00:01:00
2001-10-12 02:27:00-12:00,-15.39238,72.36168,7.134,5382.0,42847.0,-79.0,4.7,0 days 00:01:00
2001-10-12 02:28:00-12:00,-15.39392,72.36427,7.607,5749.0,42846.0,-82.0,3.3,0 days 00:01:00
2001-10-12 02:29:00-12:00,-15.39532,72.36684,7.136,5385.0,42845.0,-83.0,2.0,0 days 00:01:00
2001-10-12 02:30:00-12:00,-15.39686,72.36945,7.115,5368.0,42845.0,-85.0,1.1,0 days 00:01:00
2001-10-12 02:31:00-12:00,-15.39838,72.37207,7.012,5289.0,42846.0,-85.0,4.2,0 days 00:01:00
2001-10-12 02:32:00-12:00,-15.39987,72.37468,6.848,5162.0,42847.0,-86.0,2.0,0 days 00:01:00
2001-10-12 02:33:00-12:00,-15.40138,72.37727,6.739,5078.0,42846.0,-89.0,4.3,0 days 00:01:00
2001-10-12 02:34:00-12:00,-15.4029,72.37987,6.728,5070.0,42844.0,-92.0,0.2,0 days 00:01:00
2001-10-12 02:35:00-12:00,-15.40445,72.38249,6.786,5115.0,42844.0,-93.0,1.4,0 days 00:01:00
2001-10-12 02:36:00-12:00,-15.40596,72.38509,6.829,5148.0,42846.0,-93.0,3.1,0 days 00:01:00
2001-10-12 02:37:00-12:00,-15.40747,72.38766,6.813,5135.0,42845.0,-95.0,0.3,0 days 00:01:00
2001-10-12 02:38:00-12:00,-15.40892,72.39025,7.004,5283.0,42845.0,-96.0,-1.0,0 days 00:01:00
2001-10-12 02:39:00-12:00,-15.41043,72.39281,6.997,5277.0,42847.0,-96.0,-1.0,0 days 00:01:00
2001-10-12 02:40:00-12:00,-15.41188,72.39537,7.042,5312.0,42852.0,-92.0,3.7,0 days 00:01:00
2001-10-12 02:42:00-12:00,-15.41487,72.40046,7.083,5343.0,42866.0,-81.0,0.1,0 days 00:02:00
2001-10-12 02:43:00-12:00,-15.41637,72.40302,7.322,5529.0,42865.0,-83.0,-1.7,0 days 00:01:00
2001-10-12 02:44:00-12:00,-15.41784,72.40563,7.357,5556.0,42869.0,-81.0,-0.1,0 days 00:01:00
2001-10-12 02:45:00-12:00,-15.41935,72.40821,7.318,5525.0,42876.0,-75.0,-0.1,0 days 00:01:00
2001-10-12 02:46:00-12:00,-15.42084,72.41084,7.353,5552.0,42877.0,-76.0,-0.7,0 days 00:01:00
2001-10-12 02:47:00-12:00,-15.42235,72.41347,7.415,5600.0,42879.0,-75.0,0.4,0 days 00:01:00
2001-10-12 02:48:00-12:00,-15.42385,72.41608,7.42,5604.0,42882.0,-74.0,-3.4,0 days 00:01:00
2001-10-12 02:49:00-12:00,-15.42537,72.41875,7.447,5625.0,42883.0,-74.0,0.4,0 days 00:01:00
2001-10-12 02:50:00-12:00,-15.35921,72.30461,6.936,5230.0,42890.0,-5.0,10.3,0 days 00:01:00
2001-10-12 02:51:00-12:00,-15.42837,72.424,7.5,5666.0,42885.0,-75.0,-1.2,0 days 00:01:00
2001-10-12 02:52:00-12:00,-15.42988,72.42663,7.498,5665.0,42887.0,-74.0,-1.5,0 days 00:01:00
2001-10-12 02:53:00-12:00,-15.4314,72.42928,7.486,5655.0,42890.0,-73.0,-5.3,0 days 00:01:00
2001-10-12 02:54:00-12:00,-15.43292,72.43191,7.467,5640.0,42891.0,-73.0,-1.3,0 days 00:01:00
2001-10-12 02:56:00-12:00,-15.43596,72.43713,7.268,5487.0,42897.0,-70.0,-1.4,0 days 00:02:00
2001-10-12 02:57:00-12:00,-15.43747,72.43974,7.271,5489.0,42899.0,-69.0,-3.1,0 days 00:01:00
2001-10-12 02:58:00-12:00,-15.43899,72.44233,7.238,5463.0,42903.0,-67.0,-0.3,0 days 00:01:00
2001-10-12 02:59:00-12:00,-15.44047,72.44491,7.026,5300.0,42906.0,-66.0,-0.5,0 days 00:01:00
